package,ecosystem,installed_version,cve_id,osv_id,summary,severity,cvss_vector,published,modified,aliases,reference_url
requests,PyPI,2.19.0,CVE-2024-47081,GHSA-9hjg-9r4m-mvj7,Requests vulnerable to .netrc credentials leak via malicious URLs,MODERATE,CVSS:3.1/AV:N/AC:H/PR:N/UI:R/S:U/C:H/I:N/A:N,2025-06-09T19:06:08Z,2026-02-04T03:44:00.676479Z,CVE-2024-47081,https://github.com/psf/requests/security/advisories/GHSA-9hjg-9r4m-mvj7
requests,PyPI,2.19.0,CVE-2024-35195,GHSA-9wx4-h78v-vm56,Requests `Session` object does not verify requests after making first request with verify=False,MODERATE,CVSS:3.1/AV:L/AC:H/PR:H/UI:R/S:U/C:H/I:H/A:N,2024-05-20T20:15:00Z,2026-02-04T02:43:42.271895Z,CVE-2024-35195,https://github.com/psf/requests/security/advisories/GHSA-9wx4-h78v-vm56
requests,PyPI,2.19.0,CVE-2026-25645,GHSA-gc5v-m9x4-r6x2,Requests has Insecure Temp File Reuse in its extract_zipped_paths() utility function,MODERATE,CVSS:3.1/AV:L/AC:H/PR:L/UI:R/S:U/C:N/I:H/A:N,2026-03-25T16:56:28Z,2026-03-27T22:17:33.595885Z,CVE-2026-25645,https://github.com/psf/requests/security/advisories/GHSA-gc5v-m9x4-r6x2
requests,PyPI,2.19.0,CVE-2023-32681,GHSA-j8r2-6x86-q33q,Unintended leak of Proxy-Authorization header in requests,MODERATE,CVSS:3.1/AV:N/AC:H/PR:N/UI:R/S:C/C:H/I:N/A:N,2023-05-22T20:36:32Z,2026-02-04T03:34:13.807518Z,CVE-2023-32681; PYSEC-2023-74,https://github.com/psf/requests/security/advisories/GHSA-j8r2-6x86-q33q
requests,PyPI,2.19.0,CVE-2018-18074,GHSA-x84v-xcm2-53pg,Insufficiently Protected Credentials in Requests,HIGH,CVSS:3.1/AV:N/AC:L/PR:N/UI:N/S:U/C:H/I:N/A:N,2018-10-29T19:06:46Z,2024-10-21T21:42:55.896669Z,CVE-2018-18074; PYSEC-2018-28,https://nvd.nist.gov/vuln/detail/CVE-2018-18074
requests,PyPI,2.19.0,CVE-2018-18074,PYSEC-2018-28,,,,2018-10-09T17:29:00Z,2023-11-08T04:00:04.815794Z,CVE-2018-18074; GHSA-x84v-xcm2-53pg,https://github.com/requests/requests/pull/4718
requests,PyPI,2.19.0,CVE-2023-32681,PYSEC-2023-74,,,,2023-05-26T18:15:00Z,2023-11-08T04:12:35.436175Z,CVE-2023-32681; GHSA-j8r2-6x86-q33q,https://github.com/psf/requests/security/advisories/GHSA-j8r2-6x86-q33q
urllib3,PyPI,1.24.1,CVE-2025-66471,GHSA-2xpw-w6gg-jr37,urllib3 streaming API improperly handles highly compressed data,HIGH,CVSS:4.0/AV:N/AC:L/AT:P/PR:N/UI:N/VC:N/VI:N/VA:H/SC:N/SI:N/SA:H,2025-12-05T18:15:54Z,2026-02-04T02:36:12.983430Z,CVE-2025-66471,https://github.com/urllib3/urllib3/security/advisories/GHSA-2xpw-w6gg-jr37
urllib3,PyPI,1.24.1,CVE-2024-37891,GHSA-34jh-p97f-mpxf,urllib3's Proxy-Authorization request header isn't stripped during cross-origin redirects,MODERATE,CVSS:3.1/AV:N/AC:H/PR:H/UI:N/S:U/C:H/I:N/A:N,2024-06-17T21:37:20Z,2026-02-04T03:37:44.850742Z,CVE-2024-37891,https://github.com/urllib3/urllib3/security/advisories/GHSA-34jh-p97f-mpxf
urllib3,PyPI,1.24.1,CVE-2026-21441,GHSA-38jv-5279-wg99,Decompression-bomb safeguards bypassed when following HTTP redirects (streaming API),HIGH,CVSS:3.1/AV:N/AC:L/PR:N/UI:N/S:U/C:N/I:N/A:H,2026-01-07T19:18:14Z,2026-02-04T03:51:36.162029Z,CVE-2026-21441,https://github.com/urllib3/urllib3/security/advisories/GHSA-38jv-5279-wg99
urllib3,PyPI,1.24.1,CVE-2023-45803,GHSA-g4mx-q9vg-27p4,urllib3's request body not stripped after redirect from 303 status changes request method to GET,MODERATE,CVSS:3.1/AV:A/AC:H/PR:H/UI:N/S:U/C:H/I:N/A:N,2023-10-17T20:15:25Z,2026-02-04T03:30:16.767903Z,CVE-2023-45803; PYSEC-2023-212,https://github.com/urllib3/urllib3/security/advisories/GHSA-g4mx-q9vg-27p4
urllib3,PyPI,1.24.1,CVE-2025-66418,GHSA-gm62-xv2j-4w53,urllib3 allows an unbounded number of links in the decompression chain,HIGH,CVSS:4.0/AV:N/AC:L/AT:P/PR:N/UI:N/VC:N/VI:N/VA:H/SC:N/SI:N/SA:H,2025-12-05T18:15:19Z,2026-02-04T03:37:15.919661Z,CVE-2025-66418,https://github.com/urllib3/urllib3/security/advisories/GHSA-gm62-xv2j-4w53
urllib3,PyPI,1.24.1,CVE-2018-25091,GHSA-gwvm-45gx-3cf8,Authorization Header forwarded on redirect,MODERATE,CVSS:3.1/AV:N/AC:L/PR:N/UI:R/S:C/C:L/I:L/A:N,2023-10-15T21:30:26Z,2024-11-18T23:24:00.169548Z,CVE-2018-25091; PYSEC-2023-207,https://nvd.nist.gov/vuln/detail/CVE-2018-25091
urllib3,PyPI,1.24.1,CVE-2019-11324,GHSA-mh33-7rrq-662w,Improper Certificate Validation in urllib3,HIGH,CVSS:3.0/AV:N/AC:L/PR:N/UI:N/S:U/C:N/I:H/A:N,2019-04-19T16:55:10Z,2024-11-18T22:25:21.266722Z,CVE-2019-11324; PYSEC-2019-133,https://nvd.nist.gov/vuln/detail/CVE-2019-11324
urllib3,PyPI,1.24.1,CVE-2025-50181,GHSA-pq67-6m6q-mj2v,urllib3 redirects are not disabled when retries are disabled on PoolManager instantiation,MODERATE,CVSS:3.1/AV:N/AC:H/PR:L/UI:N/S:U/C:H/I:N/A:N,2025-06-18T17:50:00Z,2026-02-04T04:38:01.163387Z,CVE-2025-50181,https://github.com/urllib3/urllib3/security/advisories/GHSA-pq67-6m6q-mj2v
urllib3,PyPI,1.24.1,CVE-2026-44431,GHSA-qccp-gfcp-xxvc,urllib3: Sensitive headers forwarded across origins in proxied low-level redirects,HIGH,CVSS:3.1/AV:N/AC:L/PR:N/UI:N/S:U/C:L/I:N/A:N,2026-05-11T14:51:20Z,2026-05-20T08:11:43.145797382Z,CVE-2026-44431; PYSEC-2026-141,https://github.com/urllib3/urllib3/security/advisories/GHSA-qccp-gfcp-xxvc
urllib3,PyPI,1.24.1,CVE-2019-11236,GHSA-r64q-w8jr-g9qp,Improper Neutralization of CRLF Sequences in urllib3 library for Python,MODERATE,CVSS:3.0/AV:N/AC:L/PR:N/UI:R/S:C/C:L/I:L/A:N,2022-05-13T01:09:23Z,2024-11-18T23:01:35.378516Z,CVE-2019-11236; PYSEC-2019-132,https://nvd.nist.gov/vuln/detail/CVE-2019-11236
urllib3,PyPI,1.24.1,CVE-2023-43804,GHSA-v845-jxx5-vc9f,`Cookie` HTTP header isn't stripped on cross-origin redirects,HIGH,CVSS:3.1/AV:N/AC:H/PR:H/UI:N/S:U/C:H/I:H/A:N,2023-10-02T23:27:05Z,2026-02-04T02:58:30.152562Z,CVE-2023-43804; PYSEC-2023-192,https://github.com/urllib3/urllib3/security/advisories/GHSA-v845-jxx5-vc9f
urllib3,PyPI,1.24.1,CVE-2020-26137,GHSA-wqvq-5m8c-6g24,CRLF injection in urllib3,MODERATE,CVSS:3.1/AV:N/AC:L/PR:N/UI:N/S:U/C:L/I:L/A:N,2021-06-18T18:46:43Z,2024-11-18T22:47:07.792720Z,CVE-2020-26137; PYSEC-2020-148,https://nvd.nist.gov/vuln/detail/CVE-2020-26137
urllib3,PyPI,1.24.1,CVE-2019-11236,PYSEC-2019-132,,,,2019-04-15T15:29:00Z,2023-11-08T04:01:00.047784Z,CVE-2019-11236; GHSA-r64q-w8jr-g9qp,https://github.com/urllib3/urllib3/issues/1553
urllib3,PyPI,1.24.1,CVE-2019-11324,PYSEC-2019-133,,,,2019-04-18T21:29:00Z,2023-11-08T04:01:00.967964Z,CVE-2019-11324; GHSA-mh33-7rrq-662w,https://github.com/urllib3/urllib3/compare/a6ec68a...1efadf4
urllib3,PyPI,1.24.1,CVE-2020-26137,PYSEC-2020-148,,,,2020-09-30T18:15:00Z,2023-11-08T04:03:14.251187Z,CVE-2020-26137; GHSA-wqvq-5m8c-6g24,https://bugs.python.org/issue39603
urllib3,PyPI,1.24.1,CVE-2023-43804,PYSEC-2023-192,,,CVSS:3.1/AV:N/AC:L/PR:L/UI:N/S:U/C:H/I:H/A:N,2023-10-04T17:15:00Z,2023-11-08T04:13:33.452167Z,CVE-2023-43804; GHSA-v845-jxx5-vc9f,https://github.com/urllib3/urllib3/commit/644124ecd0b6e417c527191f866daa05a5a2056d
urllib3,PyPI,1.24.1,CVE-2018-25091,PYSEC-2023-207,,,CVSS:3.1/AV:N/AC:L/PR:N/UI:R/S:C/C:L/I:L/A:N,2023-10-15T19:15:00Z,2026-06-10T17:02:48.915096311Z,CVE-2018-25091; GHSA-gwvm-45gx-3cf8,https://github.com/urllib3/urllib3/compare/1.24.1...1.24.2
urllib3,PyPI,1.24.1,CVE-2023-45803,PYSEC-2023-212,,,CVSS:3.1/AV:A/AC:H/PR:H/UI:N/S:U/C:H/I:N/A:N,2023-10-17T20:15:00Z,2023-11-08T04:13:39.165450Z,CVE-2023-45803; GHSA-g4mx-q9vg-27p4,https://github.com/urllib3/urllib3/security/advisories/GHSA-g4mx-q9vg-27p4
urllib3,PyPI,1.24.1,CVE-2026-44431,PYSEC-2026-141,,,CVSS:3.1/AV:N/AC:L/PR:N/UI:N/S:U/C:L/I:N/A:N,2026-05-13T16:16:57.150Z,2026-05-20T09:19:20.983812Z,CVE-2026-44431; GHSA-qccp-gfcp-xxvc,https://github.com/urllib3/urllib3/security/advisories/GHSA-qccp-gfcp-xxvc
django,PyPI,2.2.0,CVE-2022-28346,GHSA-2gwj-7jmv-h26r,SQL Injection in Django,CRITICAL,CVSS:3.1/AV:N/AC:L/PR:N/UI:N/S:U/C:H/I:H/A:H,2022-04-13T00:00:33Z,2025-02-21T05:41:10.759178Z,BIT-django-2022-28346; CVE-2022-28346; PYSEC-2022-190,https://nvd.nist.gov/vuln/detail/CVE-2022-28346
django,PyPI,2.2.0,CVE-2020-13596,GHSA-2m34-jcjv-45xf,XSS in Django,MODERATE,CVSS:3.1/AV:N/AC:L/PR:N/UI:R/S:C/C:L/I:L/A:N,2020-06-05T16:24:28Z,2024-09-20T15:46:33.021684Z,BIT-django-2020-13596; CVE-2020-13596; PYSEC-2020-32,https://nvd.nist.gov/vuln/detail/CVE-2020-13596
django,PyPI,2.2.0,CVE-2020-9402,GHSA-3gh2-xw74-jmcw,SQL injection in Django,HIGH,CVSS:3.1/AV:N/AC:L/PR:L/UI:N/S:U/C:H/I:H/A:H,2020-06-05T14:52:07Z,2026-06-08T20:17:40Z,BIT-django-2020-9402; CVE-2020-9402; PYSEC-2020-345; PYSEC-2020-36,https://nvd.nist.gov/vuln/detail/CVE-2020-9402
django,PyPI,2.2.0,CVE-2021-45115,GHSA-53qw-q765-4fww,Denial-of-service in Django,HIGH,CVSS:3.1/AV:N/AC:L/PR:N/UI:N/S:U/C:N/I:N/A:H,2022-01-12T19:20:53Z,2024-09-20T16:09:39.890846Z,BIT-django-2021-45115; CVE-2021-45115; PYSEC-2022-1,https://nvd.nist.gov/vuln/detail/CVE-2021-45115
django,PyPI,2.2.0,CVE-2021-33203,GHSA-68w8-qjq3-2gfm,Path Traversal in Django,MODERATE,CVSS:3.1/AV:N/AC:L/PR:H/UI:N/S:U/C:H/I:N/A:N,2021-06-10T17:21:00Z,2024-09-20T15:46:52.557962Z,BIT-django-2021-33203; CVE-2021-33203; PYSEC-2021-98,https://nvd.nist.gov/vuln/detail/CVE-2021-33203
django,PyPI,2.2.0,CVE-2019-11358,GHSA-6c3j-c64m-qhgq,"XSS in jQuery as used in Drupal, Backdrop CMS, and other products",MODERATE,CVSS:3.1/AV:N/AC:L/PR:N/UI:R/S:C/C:L/I:L/A:N,2019-04-26T16:29:11Z,2026-03-13T21:56:20.301637Z,CVE-2019-11358; DRUPAL-CORE-2019-006,https://nvd.nist.gov/vuln/detail/CVE-2019-11358
django,PyPI,2.2.0,CVE-2019-12781,GHSA-6c7v-2f49-8h26,Django Incorrect HTTP detection with reverse-proxy connecting via HTTPS,MODERATE,CVSS:3.0/AV:N/AC:L/PR:N/UI:N/S:U/C:L/I:N/A:N,2019-07-03T20:37:25Z,2024-09-18T16:26:02.265514Z,CVE-2019-12781; PYSEC-2019-10,https://nvd.nist.gov/vuln/detail/CVE-2019-12781
django,PyPI,2.2.0,CVE-2022-23833,GHSA-6cw3-g6wv-c2xv,Infinite Loop in Django,HIGH,CVSS:3.1/AV:N/AC:L/PR:N/UI:N/S:U/C:N/I:N/A:H,2022-02-04T00:00:26Z,2024-09-20T15:47:27.155401Z,BIT-django-2022-23833; CVE-2022-23833; PYSEC-2022-20,https://nvd.nist.gov/vuln/detail/CVE-2022-23833
django,PyPI,2.2.0,CVE-2019-14234,GHSA-6r97-cj55-9hrq,SQL Injection in Django,CRITICAL,CVSS:3.0/AV:N/AC:L/PR:N/UI:N/S:U/C:H/I:H/A:H,2019-08-16T14:00:34Z,2025-02-21T05:50:19.980781Z,CVE-2019-14234; PYSEC-2019-13,https://nvd.nist.gov/vuln/detail/CVE-2019-14234
django,PyPI,2.2.0,CVE-2025-57833,GHSA-6w2r-r2m5-xq5w,Django is subject to SQL injection through its column aliases,HIGH,CVSS:3.1/AV:N/AC:H/PR:L/UI:N/S:C/C:H/I:L/A:N,2025-09-08T18:31:31Z,2026-06-05T14:45:50.840275748Z,BIT-django-2025-57833; CVE-2025-57833; PYSEC-2025-105,https://nvd.nist.gov/vuln/detail/CVE-2025-57833
django,PyPI,2.2.0,CVE-2019-12308,GHSA-7rp2-fm2h-wchj,Django Cross-site Scripting in AdminURLFieldWidget,MODERATE,CVSS:3.0/AV:N/AC:L/PR:N/UI:R/S:C/C:L/I:L/A:N,2019-06-10T18:43:25Z,2024-09-20T16:09:01.600161Z,CVE-2019-12308; PYSEC-2019-79,https://nvd.nist.gov/vuln/detail/CVE-2019-12308
django,PyPI,2.2.0,CVE-2025-48432,GHSA-7xr5-9hcq-chf9,Django Improper Output Neutralization for Logs vulnerability,MODERATE,CVSS:3.1/AV:N/AC:H/PR:N/UI:N/S:C/C:N/I:L/A:N,2025-06-05T03:30:58Z,2026-02-04T03:48:05.224740Z,BIT-django-2025-48432; CVE-2025-48432; PYSEC-2025-47,https://nvd.nist.gov/vuln/detail/CVE-2025-48432
django,PyPI,2.2.0,CVE-2021-45116,GHSA-8c5j-9r9f-c6w8,Information disclosure in Django,HIGH,CVSS:3.1/AV:N/AC:L/PR:N/UI:N/S:U/C:H/I:N/A:N,2022-01-12T19:21:10Z,2025-02-21T05:29:59.213830Z,BIT-django-2021-45116; CVE-2021-45116; PYSEC-2022-2,https://nvd.nist.gov/vuln/detail/CVE-2021-45116
django,PyPI,2.2.0,CVE-2022-36359,GHSA-8x94-hmjh-97hq,Django vulnerable to Reflected File Download attack,HIGH,CVSS:3.1/AV:N/AC:L/PR:N/UI:R/S:U/C:H/I:H/A:H,2022-08-11T14:49:12Z,2026-02-04T02:45:55.690257Z,BIT-django-2022-36359; CVE-2022-36359; PYSEC-2022-245,https://nvd.nist.gov/vuln/detail/CVE-2022-36359
django,PyPI,2.2.0,CVE-2022-22818,GHSA-95rw-fx8r-36v6,Cross-site Scripting in Django,MODERATE,CVSS:3.1/AV:N/AC:L/PR:N/UI:R/S:C/C:L/I:L/A:N,2022-02-04T00:00:33Z,2024-09-20T15:47:46.984048Z,BIT-django-2022-22818; CVE-2022-22818; PYSEC-2022-19,https://nvd.nist.gov/vuln/detail/CVE-2022-22818
django,PyPI,2.2.0,CVE-2019-14232,GHSA-c4qh-4vgv-qc6g,Django Denial-of-service in django.utils.text.Truncator,HIGH,CVSS:3.1/AV:N/AC:L/PR:N/UI:N/S:U/C:N/I:N/A:H,2019-08-06T01:43:29Z,2024-09-20T16:24:57.221275Z,CVE-2019-14232; PYSEC-2019-11,https://nvd.nist.gov/vuln/detail/CVE-2019-14232
django,PyPI,2.2.0,CVE-2020-24584,GHSA-fr28-569j-53c4,Django Incorrect Default Permissions,MODERATE,CVSS:3.1/AV:N/AC:L/PR:N/UI:N/S:U/C:H/I:N/A:N,2021-03-18T20:30:01Z,2024-11-19T05:35:08.998992Z,BIT-django-2020-24584; CVE-2020-24584; PYSEC-2020-34,https://nvd.nist.gov/vuln/detail/CVE-2020-24584
django,PyPI,2.2.0,CVE-2025-64459,GHSA-frmv-pr5f-9mcr,Django vulnerable to SQL injection via _connector keyword argument in QuerySet and Q objects.,CRITICAL,CVSS:3.1/AV:N/AC:L/PR:N/UI:N/S:U/C:H/I:H/A:N,2025-11-05T15:31:07Z,2026-06-05T14:45:52.053173828Z,BIT-django-2025-64459; CVE-2025-64459; PYSEC-2025-108,https://nvd.nist.gov/vuln/detail/CVE-2025-64459
django,PyPI,2.2.0,CVE-2021-3281,GHSA-fvgf-6h6h-3322,Django Directory Traversal via archive.extract,MODERATE,CVSS:3.1/AV:N/AC:L/PR:N/UI:N/S:U/C:N/I:L/A:N,2021-03-18T20:29:49Z,2024-09-20T15:46:03.145197Z,BIT-django-2021-3281; CVE-2021-3281; PYSEC-2021-9,https://nvd.nist.gov/vuln/detail/CVE-2021-3281
django,PyPI,2.2.0,CVE-2019-14233,GHSA-h5jv-4p7w-64jg,Django Denial-of-service in strip_tags(),HIGH,CVSS:3.0/AV:N/AC:L/PR:N/UI:N/S:U/C:N/I:N/A:H,2019-08-06T01:43:33Z,2024-09-20T16:35:22.320310Z,CVE-2019-14233; PYSEC-2019-12,https://nvd.nist.gov/vuln/detail/CVE-2019-14233
django,PyPI,2.2.0,CVE-2020-7471,GHSA-hmr4-m2h5-33qx,SQL injection in Django,CRITICAL,CVSS:3.1/AV:N/AC:L/PR:N/UI:N/S:U/C:H/I:H/A:H,2020-02-11T21:03:20Z,2025-02-21T06:12:43.981276Z,BIT-django-2020-7471; CVE-2020-7471; PYSEC-2020-35,https://nvd.nist.gov/vuln/detail/CVE-2020-7471
django,PyPI,2.2.0,CVE-2019-19118,GHSA-hvmf-r92r-27hr,Django allows unintended model editing,HIGH,CVSS:3.1/AV:N/AC:L/PR:L/UI:N/S:U/C:N/I:H/A:N,2019-12-04T21:26:28Z,2024-11-19T05:33:19.050183Z,CVE-2019-19118; PYSEC-2019-15,https://nvd.nist.gov/vuln/detail/CVE-2019-19118
django,PyPI,2.2.0,CVE-2021-45452,GHSA-jrh2-hc4r-7jwx,Directory-traversal in Django,MODERATE,CVSS:3.1/AV:N/AC:L/PR:N/UI:N/S:U/C:L/I:N/A:N,2022-01-12T19:21:04Z,2024-09-20T12:22:54.101910Z,BIT-django-2021-45452; CVE-2021-45452; PYSEC-2022-3,https://nvd.nist.gov/vuln/detail/CVE-2021-45452
django,PyPI,2.2.0,CVE-2020-24583,GHSA-m6gj-h9gm-gw44,Django Incorrect Default Permissions,HIGH,CVSS:3.1/AV:N/AC:L/PR:N/UI:N/S:U/C:H/I:N/A:N,2021-03-18T20:30:13Z,2024-09-18T20:08:33.242589Z,BIT-django-2020-24583; CVE-2020-24583; PYSEC-2020-33,https://nvd.nist.gov/vuln/detail/CVE-2020-24583
django,PyPI,2.2.0,CVE-2021-33571,GHSA-p99v-5w3c-jqq9,"Django Access Control Bypass possibly leading to SSRF, RFI, and LFI attacks",HIGH,CVSS:3.1/AV:N/AC:L/PR:N/UI:N/S:U/C:N/I:H/A:N,2021-06-10T17:21:12Z,2024-09-20T16:08:23.035684Z,BIT-django-2021-33571; CVE-2021-33571; PYSEC-2021-99,https://nvd.nist.gov/vuln/detail/CVE-2021-33571
django,PyPI,2.2.0,CVE-2021-32052,GHSA-qm57-vhq3-3fwf,Header injection possible in Django,MODERATE,CVSS:3.1/AV:N/AC:L/PR:N/UI:R/S:C/C:L/I:L/A:N,2021-06-09T17:14:51Z,2024-09-20T15:33:15.953439Z,BIT-django-2021-32052; CVE-2021-32052; PYSEC-2021-8,https://nvd.nist.gov/vuln/detail/CVE-2021-32052
django,PyPI,2.2.0,CVE-2025-64458,GHSA-qw25-v68c-qjf3,Django has a denial-of-service vulnerability in HttpResponseRedirect and HttpResponsePermanentRedirect on Windows,HIGH,CVSS:3.1/AV:N/AC:L/PR:N/UI:N/S:U/C:N/I:N/A:H,2025-11-05T15:31:07Z,2026-06-05T14:45:50.558008837Z,BIT-django-2025-64458; CVE-2025-64458; PYSEC-2025-107,https://nvd.nist.gov/vuln/detail/CVE-2025-64458
django,PyPI,2.2.0,CVE-2024-45231,GHSA-rrqc-c2jx-6jgv,Django allows enumeration of user e-mail addresses,MODERATE,CVSS:3.1/AV:N/AC:H/PR:N/UI:N/S:U/C:L/I:N/A:N,2024-10-08T18:33:13Z,2024-10-30T19:23:59.139649Z,BIT-django-2024-45231; CVE-2024-45231,https://nvd.nist.gov/vuln/detail/CVE-2024-45231
django,PyPI,2.2.0,CVE-2021-31542,GHSA-rxjp-mfm9-w4wr,Path Traversal in Django,HIGH,CVSS:3.1/AV:N/AC:L/PR:N/UI:N/S:U/C:H/I:N/A:N,2021-06-04T21:15:56Z,2024-09-20T15:33:18.289155Z,BIT-django-2021-31542; CVE-2021-31542; PYSEC-2021-7,https://nvd.nist.gov/vuln/detail/CVE-2021-31542
django,PyPI,2.2.0,CVE-2021-44420,GHSA-v6rh-hp5x-86rv,Potential bypass of an upstream access control based on URL paths in Django,MODERATE,CVSS:3.1/AV:N/AC:L/PR:N/UI:N/S:U/C:L/I:L/A:L,2021-12-09T19:09:37Z,2024-11-19T05:35:04.095106Z,BIT-django-2021-44420; CVE-2021-44420; PYSEC-2021-439,https://nvd.nist.gov/vuln/detail/CVE-2021-44420
django,PyPI,2.2.0,CVE-2019-14235,GHSA-v9qg-3j8p-r63v,Uncontrolled Recursion in Django,HIGH,CVSS:3.0/AV:N/AC:L/PR:N/UI:N/S:U/C:N/I:N/A:H,2019-08-06T01:43:31Z,2024-09-20T16:35:02.132194Z,CVE-2019-14235; PYSEC-2019-14,https://nvd.nist.gov/vuln/detail/CVE-2019-14235
django,PyPI,2.2.0,CVE-2019-19844,GHSA-vfq6-hq5r-27r6,Django Potential account hijack via password reset form,CRITICAL,CVSS:3.1/AV:N/AC:L/PR:N/UI:N/S:U/C:H/I:H/A:H,2020-01-16T22:35:12Z,2024-09-20T15:24:05.816291Z,CVE-2019-19844; PYSEC-2019-16,https://nvd.nist.gov/vuln/detail/CVE-2019-19844
django,PyPI,2.2.0,CVE-2022-28347,GHSA-w24h-v9qh-8gxj,SQL Injection in Django,CRITICAL,CVSS:3.1/AV:N/AC:L/PR:N/UI:N/S:U/C:H/I:H/A:H,2022-04-13T00:00:33Z,2025-02-21T05:41:01.294618Z,BIT-django-2022-28347; CVE-2022-28347; PYSEC-2022-191,https://nvd.nist.gov/vuln/detail/CVE-2022-28347
django,PyPI,2.2.0,CVE-2020-13254,GHSA-wpjr-j57x-wxfw,Data leakage via cache key collision in Django,HIGH,CVSS:3.1/AV:N/AC:H/PR:N/UI:N/S:U/C:H/I:N/A:N,2020-06-05T16:20:44Z,2024-11-19T05:38:34.283599Z,BIT-django-2020-13254; CVE-2020-13254; PYSEC-2020-31,https://nvd.nist.gov/vuln/detail/CVE-2020-13254
django,PyPI,2.2.0,CVE-2021-28658,GHSA-xgxc-v2qg-chmh,Directory Traversal in Django,MODERATE,CVSS:3.1/AV:N/AC:L/PR:N/UI:N/S:U/C:L/I:N/A:N,2021-04-08T18:11:48Z,2024-09-20T16:08:04.482170Z,BIT-django-2021-28658; CVE-2021-28658; PYSEC-2021-6,https://nvd.nist.gov/vuln/detail/CVE-2021-28658
django,PyPI,2.2.0,CVE-2019-12781,PYSEC-2019-10,,,,2019-07-01T14:15:00Z,2023-11-08T04:01:06.373410Z,CVE-2019-12781; GHSA-6c7v-2f49-8h26,https://groups.google.com/forum/#!topic/django-announce/Is4kLY9ZcZQ
django,PyPI,2.2.0,CVE-2019-14232,PYSEC-2019-11,,,,2019-08-02T15:15:00Z,2023-11-08T04:01:09.281488Z,CVE-2019-14232; GHSA-c4qh-4vgv-qc6g,https://www.djangoproject.com/weblog/2019/aug/01/security-releases/
django,PyPI,2.2.0,CVE-2019-14233,PYSEC-2019-12,,,,2019-08-02T15:15:00Z,2023-11-08T04:01:09.343031Z,CVE-2019-14233; GHSA-h5jv-4p7w-64jg,https://www.djangoproject.com/weblog/2019/aug/01/security-releases/
django,PyPI,2.2.0,CVE-2019-14234,PYSEC-2019-13,,,,2019-08-09T13:15:00Z,2023-11-08T04:01:09.403667Z,CVE-2019-14234; GHSA-6r97-cj55-9hrq,https://www.djangoproject.com/weblog/2019/aug/01/security-releases/
django,PyPI,2.2.0,CVE-2019-14235,PYSEC-2019-14,,,,2019-08-02T15:15:00Z,2023-11-08T04:01:09.464696Z,CVE-2019-14235; GHSA-v9qg-3j8p-r63v,https://www.djangoproject.com/weblog/2019/aug/01/security-releases/
django,PyPI,2.2.0,CVE-2019-19118,PYSEC-2019-15,,,,2019-12-02T14:15:00Z,2023-11-08T04:01:27.740072Z,CVE-2019-19118; GHSA-hvmf-r92r-27hr,http://www.openwall.com/lists/oss-security/2019/12/02/1
django,PyPI,2.2.0,CVE-2019-19844,PYSEC-2019-16,,,,2019-12-18T19:15:00Z,2023-11-08T04:01:29.652595Z,CVE-2019-19844; GHSA-vfq6-hq5r-27r6,https://groups.google.com/forum/#!topic/django-announce/3oaB2rVH3a0
django,PyPI,2.2.0,CVE-2019-12308,PYSEC-2019-79,,,,2019-06-03T17:29:00Z,2023-11-08T04:01:03.504446Z,CVE-2019-12308; GHSA-7rp2-fm2h-wchj,https://www.djangoproject.com/weblog/2019/jun/03/security-releases/
django,PyPI,2.2.0,CVE-2020-13254,PYSEC-2020-31,,,,2020-06-03T14:15:00Z,2023-12-06T01:00:04.827501Z,BIT-django-2020-13254; CVE-2020-13254; GHSA-wpjr-j57x-wxfw,https://www.djangoproject.com/weblog/2020/jun/03/security-releases/
django,PyPI,2.2.0,CVE-2020-13596,PYSEC-2020-32,,,,2020-06-03T14:15:00Z,2023-12-06T01:00:11.037950Z,BIT-django-2020-13596; CVE-2020-13596; GHSA-2m34-jcjv-45xf,https://www.djangoproject.com/weblog/2020/jun/03/security-releases/
django,PyPI,2.2.0,CVE-2020-24583,PYSEC-2020-33,,,,2020-09-01T13:15:00Z,2023-12-06T01:00:24.074093Z,BIT-django-2020-24583; CVE-2020-24583; GHSA-m6gj-h9gm-gw44,https://groups.google.com/forum/#!topic/django-announce/Gdqn58RqIDM
django,PyPI,2.2.0,CVE-2020-24584,PYSEC-2020-34,,,,2020-09-01T13:15:00Z,2023-12-06T01:00:24.135957Z,BIT-django-2020-24584; CVE-2020-24584; GHSA-fr28-569j-53c4,https://groups.google.com/forum/#!topic/django-announce/Gdqn58RqIDM
django,PyPI,2.2.0,CVE-2020-9402,PYSEC-2020-345,,,CVSS:3.1/AV:N/AC:L/PR:L/UI:N/S:U/C:H/I:H/A:H,2020-03-05T15:15:12.410Z,2026-05-21T15:00:12.104066248Z,BIT-django-2020-9402; CVE-2020-9402; GHSA-3gh2-xw74-jmcw; PYSEC-2020-36,https://groups.google.com/forum/#%21topic/django-announce/fLUh_pOaKrY
django,PyPI,2.2.0,CVE-2020-7471,PYSEC-2020-35,,,,2020-02-03T12:15:00Z,2023-12-06T01:00:38.606116Z,BIT-django-2020-7471; CVE-2020-7471; GHSA-hmr4-m2h5-33qx,https://www.openwall.com/lists/oss-security/2020/02/03/1
django,PyPI,2.2.0,CVE-2020-9402,PYSEC-2020-36,,,,2020-03-05T15:15:00Z,2026-05-19T05:26:07.462292591Z,BIT-django-2020-9402; CVE-2020-9402; GHSA-3gh2-xw74-jmcw; PYSEC-2020-345,https://groups.google.com/forum/#!topic/django-announce/fLUh_pOaKrY
django,PyPI,2.2.0,CVE-2021-44420,PYSEC-2021-439,,,,2021-12-08T00:15:00Z,2023-12-06T01:01:41.266810Z,BIT-django-2021-44420; CVE-2021-44420; GHSA-v6rh-hp5x-86rv,https://docs.djangoproject.com/en/3.2/releases/security/
django,PyPI,2.2.0,CVE-2021-28658,PYSEC-2021-6,,,,2021-04-06T15:15:00Z,2023-12-06T01:01:01.677077Z,BIT-django-2021-28658; CVE-2021-28658; GHSA-xgxc-v2qg-chmh,https://groups.google.com/g/django-announce/c/ePr5j-ngdPU
django,PyPI,2.2.0,CVE-2021-31542,PYSEC-2021-7,,,,2021-05-05T15:15:00Z,2023-12-06T01:01:11.745914Z,BIT-django-2021-31542; CVE-2021-31542; GHSA-rxjp-mfm9-w4wr,https://www.djangoproject.com/weblog/2021/may/04/security-releases/
django,PyPI,2.2.0,CVE-2021-32052,PYSEC-2021-8,,,,2021-05-06T16:15:00Z,2023-12-06T01:01:13.553156Z,BIT-django-2021-32052; CVE-2021-32052; GHSA-qm57-vhq3-3fwf,https://docs.djangoproject.com/en/3.2/releases/security/
django,PyPI,2.2.0,CVE-2021-3281,PYSEC-2021-9,,,,2021-02-02T07:15:00Z,2023-12-06T01:01:15.916389Z,BIT-django-2021-3281; CVE-2021-3281; GHSA-fvgf-6h6h-3322,https://docs.djangoproject.com/en/3.1/releases/security/
django,PyPI,2.2.0,CVE-2021-33203,PYSEC-2021-98,,,,2021-06-08T18:15:00Z,2023-12-06T01:01:16.755410Z,BIT-django-2021-33203; CVE-2021-33203; GHSA-68w8-qjq3-2gfm,https://docs.djangoproject.com/en/3.2/releases/security/
django,PyPI,2.2.0,CVE-2021-33571,PYSEC-2021-99,,,,2021-06-08T18:15:00Z,2023-12-06T01:01:16.815257Z,BIT-django-2021-33571; CVE-2021-33571; GHSA-p99v-5w3c-jqq9,https://groups.google.com/g/django-announce/c/sPyjSKMi8Eo
django,PyPI,2.2.0,CVE-2021-45115,PYSEC-2022-1,,,,2022-01-05T00:15:00Z,2023-12-06T01:01:43.028018Z,BIT-django-2021-45115; CVE-2021-45115; GHSA-53qw-q765-4fww,https://docs.djangoproject.com/en/4.0/releases/security/
django,PyPI,2.2.0,CVE-2022-22818,PYSEC-2022-19,,,,2022-02-03T02:15:00Z,2023-12-06T01:01:58.226668Z,BIT-django-2022-22818; CVE-2022-22818; GHSA-95rw-fx8r-36v6,https://docs.djangoproject.com/en/4.0/releases/security/
django,PyPI,2.2.0,CVE-2022-28346,PYSEC-2022-190,,,,2022-04-12T05:15:00Z,2023-12-06T01:02:11.594317Z,BIT-django-2022-28346; CVE-2022-28346; GHSA-2gwj-7jmv-h26r,http://www.openwall.com/lists/oss-security/2022/04/11/1
django,PyPI,2.2.0,CVE-2022-28347,PYSEC-2022-191,,,,2022-04-12T05:15:00Z,2023-12-06T01:02:11.666037Z,BIT-django-2022-28347; CVE-2022-28347; GHSA-w24h-v9qh-8gxj,http://www.openwall.com/lists/oss-security/2022/04/11/1
django,PyPI,2.2.0,CVE-2021-45116,PYSEC-2022-2,,,,2022-01-05T00:15:00Z,2023-12-06T01:01:43.088680Z,BIT-django-2021-45116; CVE-2021-45116; GHSA-8c5j-9r9f-c6w8,https://docs.djangoproject.com/en/4.0/releases/security/
django,PyPI,2.2.0,CVE-2022-23833,PYSEC-2022-20,,,,2022-02-03T02:15:00Z,2023-12-06T01:02:02.697371Z,BIT-django-2022-23833; CVE-2022-23833; GHSA-6cw3-g6wv-c2xv,https://docs.djangoproject.com/en/4.0/releases/security/
django,PyPI,2.2.0,CVE-2021-45452,PYSEC-2022-3,,,,2022-01-05T00:15:00Z,2023-12-06T01:01:43.819827Z,BIT-django-2021-45452; CVE-2021-45452; GHSA-jrh2-hc4r-7jwx,https://docs.djangoproject.com/en/4.0/releases/security/
flask,PyPI,0.12.2,CVE-2018-1000656,GHSA-562c-5r94-xh97,Flask is vulnerable to Denial of Service via incorrect encoding of JSON data,HIGH,CVSS:3.1/AV:N/AC:L/PR:N/UI:N/S:U/C:N/I:N/A:H,2018-08-23T19:10:40Z,2025-02-21T05:29:40.872529Z,CVE-2018-1000656; PYSEC-2018-66,https://nvd.nist.gov/vuln/detail/CVE-2018-1000656
flask,PyPI,0.12.2,CVE-2019-1010083,GHSA-5wv5-4vpf-pj6m,Pallets Project Flask is vulnerable to Denial of Service via Unexpected memory usage,HIGH,CVSS:3.1/AV:N/AC:L/PR:N/UI:N/S:U/C:N/I:N/A:H,2019-07-19T16:12:46Z,2024-09-20T21:24:25.140560Z,CVE-2019-1010083; PYSEC-2019-179,https://nvd.nist.gov/vuln/detail/CVE-2019-1010083
flask,PyPI,0.12.2,CVE-2026-27205,GHSA-68rp-wp8r-4726,Flask session does not add `Vary: Cookie` header when accessed in some ways,LOW,CVSS:4.0/AV:N/AC:L/AT:P/PR:N/UI:P/VC:L/VI:N/VA:N/SC:N/SI:N/SA:N,2026-02-19T20:45:41Z,2026-02-23T23:43:45.778179Z,CVE-2026-27205,https://github.com/pallets/flask/security/advisories/GHSA-68rp-wp8r-4726
flask,PyPI,0.12.2,CVE-2023-30861,GHSA-m2qf-hxjv-5gpq,Flask vulnerable to possible disclosure of permanent session cookie due to missing Vary: Cookie header,HIGH,CVSS:3.1/AV:N/AC:L/PR:N/UI:N/S:U/C:H/I:N/A:N,2023-05-01T19:22:20Z,2025-02-21T05:42:17.337040Z,CVE-2023-30861; PYSEC-2023-62,https://github.com/pallets/flask/security/advisories/GHSA-m2qf-hxjv-5gpq
flask,PyPI,0.12.2,CVE-2018-1000656,PYSEC-2018-66,,,,2018-08-20T19:31:00Z,2023-11-08T03:59:39.887416Z,CVE-2018-1000656; GHSA-562c-5r94-xh97,https://github.com/pallets/flask/releases/tag/0.12.3
flask,PyPI,0.12.2,CVE-2019-1010083,PYSEC-2019-179,,,,2019-07-17T14:15:00Z,2023-11-08T04:00:40.602062Z,CVE-2019-1010083; GHSA-5wv5-4vpf-pj6m,https://www.palletsprojects.com/blog/flask-1-0-released/
flask,PyPI,0.12.2,CVE-2023-30861,PYSEC-2023-62,,,,2023-05-02T18:15:00Z,2023-11-08T04:12:28.231927Z,CVE-2023-30861; GHSA-m2qf-hxjv-5gpq,https://github.com/pallets/flask/commit/70f906c51ce49c485f1d355703e9cc3386b1cc2b
jinja2,PyPI,2.10,CVE-2019-10906,GHSA-462w-v97r-4m45,Jinja2 sandbox escape via string formatting,HIGH,CVSS:3.0/AV:N/AC:L/PR:N/UI:N/S:C/C:H/I:N/A:N,2019-04-10T14:30:24Z,2024-09-24T21:03:59.802687Z,CVE-2019-10906; PYSEC-2019-217,https://nvd.nist.gov/vuln/detail/CVE-2019-10906
jinja2,PyPI,2.10,CVE-2025-27516,GHSA-cpwx-vrp4-4pq7,Jinja2 vulnerable to sandbox breakout through attr filter selecting format method,MODERATE,CVSS:4.0/AV:L/AC:L/AT:P/PR:L/UI:P/VC:H/VI:H/VA:H/SC:N/SI:N/SA:N,2025-03-05T20:40:14Z,2026-02-04T04:14:58.595738Z,CVE-2025-27516,https://github.com/pallets/jinja/security/advisories/GHSA-cpwx-vrp4-4pq7
jinja2,PyPI,2.10,CVE-2020-28493,GHSA-g3rq-g295-4j3m,Regular Expression Denial of Service (ReDoS) in Jinja2,MODERATE,CVSS:3.1/AV:N/AC:L/PR:N/UI:N/S:U/C:N/I:N/A:L,2021-03-19T21:28:05Z,2025-02-14T05:26:14.565160Z,CVE-2020-28493; PYSEC-2021-66; SNYK-PYTHON-JINJA2-1012994,https://nvd.nist.gov/vuln/detail/CVE-2020-28493
jinja2,PyPI,2.10,CVE-2024-22195,GHSA-h5c8-rqwp-cp95,Jinja vulnerable to HTML attribute injection when passing user input as keys to xmlattr filter,MODERATE,CVSS:3.1/AV:N/AC:L/PR:N/UI:R/S:U/C:L/I:L/A:N,2024-01-11T15:20:48Z,2026-02-04T04:32:39.638919Z,CVE-2024-22195,https://github.com/pallets/jinja/security/advisories/GHSA-h5c8-rqwp-cp95
jinja2,PyPI,2.10,CVE-2024-34064,GHSA-h75v-3vvj-5mfj,Jinja vulnerable to HTML attribute injection when passing user input as keys to xmlattr filter,MODERATE,CVSS:3.1/AV:N/AC:L/PR:N/UI:R/S:U/C:L/I:L/A:N,2024-05-06T14:20:59Z,2026-02-04T03:24:55.822549Z,CVE-2024-34064,https://github.com/pallets/jinja/security/advisories/GHSA-h75v-3vvj-5mfj
jinja2,PyPI,2.10,CVE-2024-56326,GHSA-q2x7-8rv6-6q7h,Jinja has a sandbox breakout through indirect reference to format method,MODERATE,CVSS:3.1/AV:L/AC:L/PR:L/UI:N/S:U/C:H/I:H/A:H,2024-12-23T17:56:08Z,2026-02-04T03:01:31.510689Z,CVE-2024-56326,https://github.com/pallets/jinja/security/advisories/GHSA-q2x7-8rv6-6q7h
jinja2,PyPI,2.10,CVE-2019-10906,PYSEC-2019-217,,,,2019-04-07T00:29:00Z,2023-11-08T04:00:58.644982Z,CVE-2019-10906; GHSA-462w-v97r-4m45,https://palletsprojects.com/blog/jinja-2-10-1-released
jinja2,PyPI,2.10,CVE-2020-28493,PYSEC-2021-66,,,,2021-02-01T20:15:00Z,2023-11-08T04:03:28.543308Z,CVE-2020-28493; GHSA-g3rq-g295-4j3m; SNYK-PYTHON-JINJA2-1012994,https://github.com/pallets/jinja/blob/ab81fd9c277900c85da0c322a2ff9d68a235b2e6/src/jinja2/utils.py%23L20
pyyaml,PyPI,5.1,CVE-2019-20477,GHSA-3pqx-4fqf-j49f,Deserialization of Untrusted Data in PyYAML,CRITICAL,CVSS:3.1/AV:N/AC:L/PR:N/UI:N/S:U/C:H/I:H/A:H,2021-04-20T16:40:42Z,2024-10-25T21:23:11.506576Z,CVE-2019-20477; PYSEC-2020-176,https://nvd.nist.gov/vuln/detail/CVE-2019-20477
pyyaml,PyPI,5.1,CVE-2020-1747,GHSA-6757-jp84-gxfx,Improper Input Validation in PyYAML,CRITICAL,CVSS:3.1/AV:N/AC:L/PR:N/UI:N/S:U/C:H/I:H/A:H,2021-04-20T16:14:24Z,2026-05-04T08:57:14.897560893Z,CVE-2020-1747; PYSEC-2020-96,https://nvd.nist.gov/vuln/detail/CVE-2020-1747
pyyaml,PyPI,5.1,CVE-2020-14343,GHSA-8q59-q68h-6hv4,Improper Input Validation in PyYAML,CRITICAL,CVSS:3.1/AV:N/AC:L/PR:N/UI:N/S:U/C:H/I:H/A:H,2021-03-25T21:26:26Z,2026-02-04T03:33:10.792778Z,CVE-2020-14343; PYSEC-2021-142,https://nvd.nist.gov/vuln/detail/CVE-2020-14343
pyyaml,PyPI,5.1,CVE-2019-20477,PYSEC-2020-176,,,,2020-02-19T04:15:00Z,2023-11-08T04:01:30.627114Z,CVE-2019-20477; GHSA-3pqx-4fqf-j49f,https://www.exploit-db.com/download/47655
pyyaml,PyPI,5.1,CVE-2020-1747,PYSEC-2020-96,,,,2020-03-24T15:15:00Z,2026-05-04T08:57:14.897560893Z,CVE-2020-1747; GHSA-6757-jp84-gxfx,https://bugzilla.redhat.com/show_bug.cgi?id=CVE-2020-1747
pyyaml,PyPI,5.1,CVE-2020-14343,PYSEC-2021-142,,,,2021-02-09T21:15:00Z,2023-11-08T04:02:26.414885Z,CVE-2020-14343; GHSA-8q59-q68h-6hv4,https://bugzilla.redhat.com/show_bug.cgi?id=1860466
pillow,PyPI,6.2.0,CVE-2023-50447,GHSA-3f63-hfp8-52jq,Arbitrary Code Execution in Pillow,CRITICAL,CVSS:3.1/AV:N/AC:H/PR:N/UI:N/S:U/C:H/I:H/A:H,2024-01-19T21:30:35Z,2026-02-04T02:45:35.544912Z,BIT-pillow-2023-50447; CVE-2023-50447,https://nvd.nist.gov/vuln/detail/CVE-2023-50447
pillow,PyPI,6.2.0,CVE-2021-27922,GHSA-3wvg-mj6g-m9cv,Pillow Uncontrolled Resource Consumption,HIGH,CVSS:3.1/AV:N/AC:L/PR:N/UI:N/S:U/C:N/I:N/A:H,2021-03-18T19:55:21Z,2025-08-15T14:25:07.863555Z,BIT-pillow-2021-27922; CVE-2021-27922; PYSEC-2021-41,https://nvd.nist.gov/vuln/detail/CVE-2021-27922
pillow,PyPI,6.2.0,CVE-2020-10378,GHSA-3xv8-3j54-hgrp,Out-of-bounds read in Pillow,HIGH,CVSS:3.1/AV:L/AC:L/PR:N/UI:R/S:U/C:H/I:N/A:N,2021-11-03T18:04:53Z,2025-06-06T15:13:14.202950Z,BIT-pillow-2020-10378; CVE-2020-10378; PYSEC-2020-77,https://nvd.nist.gov/vuln/detail/CVE-2020-10378
pillow,PyPI,6.2.0,CVE-2020-11538,GHSA-43fq-w8qq-v88h,Out-of-bounds read in Pillow,CRITICAL,CVSS:3.1/AV:N/AC:H/PR:N/UI:N/S:U/C:H/I:H/A:H,2020-07-27T21:52:36Z,2024-10-09T20:02:20.538595Z,BIT-pillow-2020-11538; CVE-2020-11538; PYSEC-2020-80,https://nvd.nist.gov/vuln/detail/CVE-2020-11538
pillow,PyPI,6.2.0,CVE-2024-28219,GHSA-44wm-f244-xhp3,Pillow buffer overflow vulnerability,HIGH,CVSS:3.1/AV:L/AC:H/PR:L/UI:R/S:U/C:H/I:H/A:H,2024-04-03T03:30:30Z,2026-02-04T02:29:33.536206Z,BIT-pillow-2024-28219; CVE-2024-28219,https://nvd.nist.gov/vuln/detail/CVE-2024-28219
pillow,PyPI,6.2.0,GHSA-4fx9-vc88-q2xc,GHSA-4fx9-vc88-q2xc,Infinite loop in Pillow,LOW,,2022-03-11T23:39:27Z,2024-12-05T05:35:12.297192Z,,https://github.com/python-pillow/Pillow/commit/baae9ec4b67c68e3adaf1208cf54e8de5e38a6fd
pillow,PyPI,6.2.0,CVE-2021-25289,GHSA-57h3-9rgr-c24m,Out of bounds write in Pillow,CRITICAL,CVSS:3.1/AV:N/AC:L/PR:N/UI:N/S:U/C:H/I:H/A:H,2021-03-29T16:35:16Z,2024-10-08T13:22:45.198644Z,BIT-pillow-2021-25289; CVE-2021-25289; PYSEC-2021-35,https://nvd.nist.gov/vuln/detail/CVE-2021-25289
pillow,PyPI,6.2.0,CVE-2019-19911,GHSA-5gm3-px64-rw72,Uncontrolled Resource Consumption in Pillow,HIGH,CVSS:3.1/AV:N/AC:L/PR:N/UI:N/S:U/C:N/I:N/A:H,2020-04-01T16:36:44Z,2024-10-08T13:22:59.440420Z,CVE-2019-19911; PYSEC-2020-172,https://nvd.nist.gov/vuln/detail/CVE-2019-19911
pillow,PyPI,6.2.0,CVE-2021-34552,GHSA-7534-mm45-c74v,Buffer Overflow in Pillow,CRITICAL,CVSS:3.1/AV:N/AC:L/PR:N/UI:N/S:U/C:H/I:H/A:H,2021-10-05T20:24:41Z,2024-10-09T21:10:34.327533Z,BIT-pillow-2021-34552; CVE-2021-34552; PYSEC-2021-331,https://nvd.nist.gov/vuln/detail/CVE-2021-34552
pillow,PyPI,6.2.0,CVE-2021-25287,GHSA-77gc-v2xv-rvvh,Out-of-bounds Read in Pillow,HIGH,CVSS:3.1/AV:N/AC:L/PR:N/UI:N/S:U/C:H/I:N/A:H,2021-06-08T18:49:02Z,2024-10-09T21:25:17.588681Z,BIT-pillow-2021-25287; CVE-2021-25287; PYSEC-2021-137,https://nvd.nist.gov/vuln/detail/CVE-2021-25287
pillow,PyPI,6.2.0,CVE-2021-28676,GHSA-7r7m-5h27-29hp,Potential infinite loop in Pillow,HIGH,CVSS:3.1/AV:N/AC:L/PR:N/UI:N/S:U/C:N/I:N/A:H,2021-06-08T18:48:53Z,2024-10-14T18:25:51.489802Z,BIT-pillow-2021-28676; CVE-2021-28676; PYSEC-2021-92,https://nvd.nist.gov/vuln/detail/CVE-2021-28676
pillow,PyPI,6.2.0,CVE-2020-10379,GHSA-8843-m7mw-mxqm,Buffer overflow in Pillow,HIGH,CVSS:3.1/AV:L/AC:L/PR:N/UI:R/S:U/C:H/I:H/A:H,2020-07-27T21:52:41Z,2025-06-06T15:13:20.298139Z,BIT-pillow-2020-10379; CVE-2020-10379; PYSEC-2020-78,https://nvd.nist.gov/vuln/detail/CVE-2020-10379
pillow,PyPI,6.2.0,CVE-2023-44271,GHSA-8ghj-p4vj-mr35,Pillow Denial of Service vulnerability,HIGH,CVSS:3.1/AV:N/AC:L/PR:N/UI:N/S:U/C:N/I:N/A:H,2023-11-03T06:36:30Z,2024-10-14T21:23:45.339098Z,BIT-pillow-2023-44271; CVE-2023-44271; PYSEC-2023-227,https://nvd.nist.gov/vuln/detail/CVE-2023-44271
pillow,PyPI,6.2.0,CVE-2022-22817,GHSA-8vj2-vxx3-667w,Arbitrary expression injection in Pillow,CRITICAL,CVSS:3.1/AV:N/AC:L/PR:N/UI:N/S:U/C:H/I:H/A:H,2022-01-12T20:07:33Z,2024-10-14T18:26:08.636369Z,BIT-pillow-2022-22817; CVE-2022-22817; PYSEC-2022-10,https://nvd.nist.gov/vuln/detail/CVE-2022-22817
pillow,PyPI,6.2.0,CVE-2021-25290,GHSA-8xjq-8fcg-g5hw,Out-of-bounds Write in Pillow,HIGH,CVSS:3.1/AV:N/AC:L/PR:N/UI:N/S:U/C:N/I:N/A:H,2021-03-29T16:35:36Z,2024-10-08T13:23:21.252680Z,BIT-pillow-2021-25290; CVE-2021-25290; PYSEC-2021-36,https://nvd.nist.gov/vuln/detail/CVE-2021-25290
pillow,PyPI,6.2.0,CVE-2021-27923,GHSA-95q3-8gr9-gm8w,Pillow Denial of Service by Uncontrolled Resource Consumption,HIGH,CVSS:3.1/AV:N/AC:L/PR:N/UI:N/S:U/C:N/I:N/A:H,2021-03-18T19:54:43Z,2025-08-15T14:25:58.420732Z,BIT-pillow-2021-27923; CVE-2021-27923; PYSEC-2021-42,https://nvd.nist.gov/vuln/detail/CVE-2021-27923
pillow,PyPI,6.2.0,CVE-2021-23437,GHSA-98vv-pw6r-q6q4,Uncontrolled Resource Consumption in pillow,HIGH,CVSS:3.1/AV:N/AC:L/PR:N/UI:N/S:U/C:N/I:N/A:H,2021-09-07T23:08:10Z,2024-10-09T21:08:55.452380Z,BIT-pillow-2021-23437; CVE-2021-23437; PYSEC-2021-317; SNYK-PYTHON-PILLOW-1319443,https://nvd.nist.gov/vuln/detail/CVE-2021-23437
pillow,PyPI,6.2.0,CVE-2021-25292,GHSA-9hx2-hgq2-2g4f,Regular Expression Denial of Service (ReDoS) in Pillow,MODERATE,CVSS:3.1/AV:N/AC:L/PR:N/UI:R/S:U/C:N/I:N/A:H,2021-03-29T16:35:46Z,2024-10-09T21:24:57.273766Z,BIT-pillow-2021-25292; CVE-2021-25292; PYSEC-2021-38,https://nvd.nist.gov/vuln/detail/CVE-2021-25292
pillow,PyPI,6.2.0,CVE-2022-24303,GHSA-9j59-75qj-795w,Path traversal in Pillow,HIGH,CVSS:3.1/AV:N/AC:L/PR:N/UI:N/S:U/C:N/I:H/A:H,2022-03-11T23:10:32Z,2024-10-14T18:43:28.549080Z,BIT-pillow-2022-24303; CVE-2022-24303; PYSEC-2022-168,https://nvd.nist.gov/vuln/detail/CVE-2022-24303
pillow,PyPI,6.2.0,CVE-2020-10177,GHSA-cqhg-xjhh-p8hf,Out-of-bounds reads in Pillow,HIGH,CVSS:3.1/AV:L/AC:L/PR:N/UI:R/S:U/C:H/I:N/A:N,2020-07-27T21:52:43Z,2024-10-09T21:26:00.542395Z,BIT-pillow-2020-10177; CVE-2020-10177; PYSEC-2020-76,https://nvd.nist.gov/vuln/detail/CVE-2020-10177
pillow,PyPI,6.2.0,CVE-2021-27921,GHSA-f4w8-cv6p-x6r5,Pillow Denial of Service by Uncontrolled Resource Consumption,HIGH,CVSS:3.1/AV:N/AC:L/PR:N/UI:N/S:U/C:N/I:N/A:H,2021-03-18T19:55:13Z,2025-08-15T14:26:48.805609Z,BIT-pillow-2021-27921; CVE-2021-27921; PYSEC-2021-40,https://nvd.nist.gov/vuln/detail/CVE-2021-27921
pillow,PyPI,6.2.0,CVE-2020-35653,GHSA-f5g8-5qq7-938w,Pillow Out-of-bounds Read,HIGH,CVSS:3.1/AV:N/AC:L/PR:N/UI:R/S:U/C:L/I:N/A:H,2021-03-18T19:55:41Z,2024-10-08T13:22:43.207345Z,BIT-pillow-2020-35653; CVE-2020-35653; PYSEC-2021-69,https://nvd.nist.gov/vuln/detail/CVE-2020-35653
pillow,PyPI,6.2.0,CVE-2021-28675,GHSA-g6rj-rv7j-xwp4,Pillow denial of service,HIGH,CVSS:3.1/AV:L/AC:L/PR:N/UI:R/S:U/C:N/I:N/A:H,2021-06-08T18:49:11Z,2024-10-09T20:23:47.599939Z,BIT-pillow-2021-28675; CVE-2021-28675; PYSEC-2021-139,https://nvd.nist.gov/vuln/detail/CVE-2021-28675
pillow,PyPI,6.2.0,CVE-2020-35655,GHSA-hf64-x4gq-p99h,Pillow Out-of-bounds Read,MODERATE,CVSS:3.1/AV:N/AC:L/PR:N/UI:R/S:U/C:L/I:N/A:L,2021-03-18T19:55:34Z,2024-10-08T13:23:04.536308Z,BIT-pillow-2020-35655; CVE-2020-35655; PYSEC-2021-71,https://nvd.nist.gov/vuln/detail/CVE-2020-35655
pillow,PyPI,6.2.0,CVE-2020-5313,GHSA-hj69-c76v-86wr,Out-of-bounds Read in Pillow,HIGH,CVSS:3.1/AV:N/AC:L/PR:N/UI:R/S:U/C:L/I:N/A:H,2020-04-01T16:36:00Z,2024-10-08T13:02:51.390006Z,BIT-pillow-2020-5313; CVE-2020-5313; PYSEC-2020-84,https://nvd.nist.gov/vuln/detail/CVE-2020-5313
pillow,PyPI,6.2.0,CVE-2021-28678,GHSA-hjfx-8p6c-g7gx,Insufficient Verification of Data Authenticity in Pillow,MODERATE,CVSS:3.1/AV:L/AC:L/PR:N/UI:R/S:U/C:N/I:N/A:H,2021-06-08T18:49:20Z,2024-10-14T21:48:01.061332Z,BIT-pillow-2021-28678; CVE-2021-28678; PYSEC-2021-94,https://nvd.nist.gov/vuln/detail/CVE-2021-28678
pillow,PyPI,6.2.0,CVE-2023-4863,GHSA-j7hp-h8jx-5ppr,libwebp: OOB write in BuildHuffmanTable,HIGH,CVSS:3.1/AV:N/AC:L/PR:N/UI:R/S:U/C:H/I:H/A:H,2023-09-12T15:30:20Z,2026-02-04T03:35:53.856889Z,A-299477569; ASB-A-299477569; CVE-2023-4863; CVE-2023-5129; RUSTSEC-2023-0060; RUSTSEC-2023-0061,https://nvd.nist.gov/vuln/detail/CVE-2023-4863
pillow,PyPI,6.2.0,GHSA-jgpv-4h4c-xhw3,GHSA-jgpv-4h4c-xhw3,Uncontrolled Resource Consumption in pillow,MODERATE,CVSS:3.1/AV:N/AC:L/PR:N/UI:N/S:U/C:N/I:N/A:H,2021-04-23T16:54:36Z,2024-12-02T05:42:54.453520Z,,https://github.com/calix2/pyVulApp/security/advisories/GHSA-jgpv-4h4c-xhw3
pillow,PyPI,6.2.0,CVE-2022-45198,GHSA-m2vv-5vj5-2hm7,Pillow vulnerable to Data Amplification attack.,HIGH,CVSS:3.1/AV:N/AC:L/PR:N/UI:N/S:U/C:N/I:N/A:H,2022-11-14T12:00:15Z,2024-10-14T18:39:06.000592Z,BIT-pillow-2022-45198; CVE-2022-45198; PYSEC-2022-42979,https://nvd.nist.gov/vuln/detail/CVE-2022-45198
pillow,PyPI,6.2.0,CVE-2021-25291,GHSA-mvg9-xffr-p774,Out of bounds read in Pillow,HIGH,CVSS:3.1/AV:N/AC:L/PR:N/UI:N/S:U/C:N/I:N/A:H,2021-03-29T16:35:57Z,2024-10-09T21:25:39.006444Z,BIT-pillow-2021-25291; CVE-2021-25291; PYSEC-2021-37,https://nvd.nist.gov/vuln/detail/CVE-2021-25291
pillow,PyPI,6.2.0,CVE-2021-25293,GHSA-p43w-g3c5-g5mq,Out of bounds read in Pillow,HIGH,CVSS:3.1/AV:N/AC:L/PR:N/UI:N/S:U/C:N/I:N/A:H,2021-03-29T16:35:27Z,2024-10-09T20:24:39.871914Z,BIT-pillow-2021-25293; CVE-2021-25293; PYSEC-2021-39,https://nvd.nist.gov/vuln/detail/CVE-2021-25293
pillow,PyPI,6.2.0,CVE-2020-5312,GHSA-p49h-hjvm-jg3h,PCX P mode buffer overflow in Pillow,CRITICAL,CVSS:3.1/AV:N/AC:L/PR:N/UI:N/S:U/C:H/I:H/A:H,2021-11-03T18:05:04Z,2024-10-08T13:23:23.927728Z,BIT-pillow-2020-5312; CVE-2020-5312; PYSEC-2020-83,https://nvd.nist.gov/vuln/detail/CVE-2020-5312
pillow,PyPI,6.2.0,CVE-2022-22815,GHSA-pw3c-h7wp-cvhx,Improper Initialization in Pillow,MODERATE,CVSS:3.1/AV:N/AC:L/PR:N/UI:N/S:U/C:N/I:L/A:L,2022-01-12T20:07:43Z,2024-10-14T18:38:03.414350Z,BIT-pillow-2022-22815; CVE-2022-22815; PYSEC-2022-8,https://nvd.nist.gov/vuln/detail/CVE-2022-22815
pillow,PyPI,6.2.0,CVE-2021-28677,GHSA-q5hq-fp76-qmrc,Uncontrolled Resource Consumption in Pillow,HIGH,CVSS:3.1/AV:N/AC:L/PR:N/UI:N/S:U/C:N/I:N/A:H,2021-06-08T18:49:36Z,2024-10-14T21:48:17.575679Z,BIT-pillow-2021-28677; CVE-2021-28677; PYSEC-2021-93,https://nvd.nist.gov/vuln/detail/CVE-2021-28677
pillow,PyPI,6.2.0,CVE-2026-42310,GHSA-r73j-pqj5-w3x7,Pillow has a PDF Parsing Trailer Infinite Loop (DoS),MODERATE,CVSS:3.1/AV:L/AC:L/PR:L/UI:N/S:U/C:N/I:N/A:H,2026-05-04T20:19:30Z,2026-05-13T13:56:38.908970Z,BIT-pillow-2026-42310; CVE-2026-42310,https://github.com/python-pillow/Pillow/security/advisories/GHSA-r73j-pqj5-w3x7
pillow,PyPI,6.2.0,CVE-2020-5311,GHSA-r7rm-8j6h-r933,Buffer Copy without Checking Size of Input in Pillow,CRITICAL,CVSS:3.1/AV:N/AC:L/PR:N/UI:N/S:U/C:H/I:H/A:H,2022-05-24T17:05:33Z,2024-10-08T13:23:04.128649Z,BIT-pillow-2020-5311; CVE-2020-5311; PYSEC-2020-82,https://nvd.nist.gov/vuln/detail/CVE-2020-5311
pillow,PyPI,6.2.0,CVE-2021-25288,GHSA-rwv7-3v45-hg29,Pillow Out-of-bounds Read vulnerability,HIGH,CVSS:3.1/AV:N/AC:L/PR:N/UI:N/S:U/C:H/I:N/A:H,2021-06-08T18:49:28Z,2024-10-09T21:25:47.466845Z,BIT-pillow-2021-25288; CVE-2021-25288; PYSEC-2021-138,https://nvd.nist.gov/vuln/detail/CVE-2021-25288
pillow,PyPI,6.2.0,CVE-2020-5310,GHSA-vcqg-3p29-xw73,Integer overflow in Pillow,CRITICAL,CVSS:3.1/AV:N/AC:L/PR:N/UI:R/S:U/C:H/I:H/A:H,2021-11-03T18:04:41Z,2024-10-08T13:22:46.929242Z,BIT-pillow-2020-5310; CVE-2020-5310; PYSEC-2020-81,https://nvd.nist.gov/vuln/detail/CVE-2020-5310
pillow,PyPI,6.2.0,CVE-2020-10994,GHSA-vj42-xq3r-hr3r,Out-of-bounds reads in Pillow,HIGH,CVSS:3.1/AV:L/AC:L/PR:N/UI:R/S:U/C:N/I:N/A:H,2020-07-27T21:52:39Z,2024-10-09T20:01:45.805562Z,BIT-pillow-2020-10994; CVE-2020-10994; PYSEC-2020-79,https://nvd.nist.gov/vuln/detail/CVE-2020-10994
pillow,PyPI,6.2.0,CVE-2020-35654,GHSA-vqcj-wrf2-7v73,Pillow Out-of-bounds Write,HIGH,CVSS:3.1/AV:N/AC:L/PR:N/UI:R/S:U/C:H/I:H/A:H,2021-03-18T19:55:27Z,2024-10-14T18:39:21.207820Z,BIT-pillow-2020-35654; CVE-2020-35654; PYSEC-2021-70,https://nvd.nist.gov/vuln/detail/CVE-2020-35654
pillow,PyPI,6.2.0,CVE-2026-42308,GHSA-wjx4-4jcj-g98j,Pillow has an integer overflow when processing fonts,MODERATE,CVSS:3.1/AV:L/AC:L/PR:L/UI:N/S:U/C:N/I:N/A:H,2026-05-04T20:18:45Z,2026-06-08T23:45:16.414580348Z,BIT-pillow-2026-42308; CVE-2026-42308; PYSEC-2026-165,https://github.com/python-pillow/Pillow/security/advisories/GHSA-wjx4-4jcj-g98j
pillow,PyPI,6.2.0,CVE-2022-22816,GHSA-xrcv-f9gm-v42c,Out-of-bounds Read in Pillow,MODERATE,CVSS:3.1/AV:N/AC:L/PR:N/UI:N/S:U/C:N/I:L/A:L,2022-01-12T20:07:41Z,2024-10-14T18:38:42.596412Z,BIT-pillow-2022-22816; CVE-2022-22816; PYSEC-2022-9,https://nvd.nist.gov/vuln/detail/CVE-2022-22816
pillow,PyPI,6.2.0,CVE-2019-19911,PYSEC-2020-172,,,,2020-01-05T22:15:00Z,2023-11-08T04:01:29.773452Z,CVE-2019-19911; GHSA-5gm3-px64-rw72,https://pillow.readthedocs.io/en/stable/releasenotes/6.2.2.html
pillow,PyPI,6.2.0,CVE-2020-10177,PYSEC-2020-76,,,,2020-06-25T19:15:00Z,2023-12-06T00:59:58.356689Z,BIT-pillow-2020-10177; CVE-2020-10177; GHSA-cqhg-xjhh-p8hf,https://pillow.readthedocs.io/en/stable/releasenotes/7.1.0.html
pillow,PyPI,6.2.0,CVE-2020-10378,PYSEC-2020-77,,,,2020-06-25T19:15:00Z,2025-06-06T15:13:14.202950Z,BIT-pillow-2020-10378; CVE-2020-10378; GHSA-3xv8-3j54-hgrp,https://pillow.readthedocs.io/en/stable/releasenotes/7.1.0.html
pillow,PyPI,6.2.0,CVE-2020-10379,PYSEC-2020-78,,,,2020-06-25T19:15:00Z,2025-06-06T15:13:20.298139Z,BIT-pillow-2020-10379; CVE-2020-10379; GHSA-8843-m7mw-mxqm,https://pillow.readthedocs.io/en/stable/releasenotes/7.1.0.html
pillow,PyPI,6.2.0,CVE-2020-10994,PYSEC-2020-79,,,,2020-06-25T19:15:00Z,2023-12-06T01:00:00.423780Z,BIT-pillow-2020-10994; CVE-2020-10994; GHSA-vj42-xq3r-hr3r,https://pillow.readthedocs.io/en/stable/releasenotes/7.1.0.html
pillow,PyPI,6.2.0,CVE-2020-11538,PYSEC-2020-80,,,,2020-06-25T19:15:00Z,2023-12-06T01:00:02.150254Z,BIT-pillow-2020-11538; CVE-2020-11538; GHSA-43fq-w8qq-v88h,https://pillow.readthedocs.io/en/stable/releasenotes/7.1.0.html
pillow,PyPI,6.2.0,CVE-2020-5310,PYSEC-2020-81,,,,2020-01-03T01:15:00Z,2023-12-06T01:00:36.189371Z,BIT-pillow-2020-5310; CVE-2020-5310; GHSA-vcqg-3p29-xw73,https://pillow.readthedocs.io/en/stable/releasenotes/6.2.2.html
pillow,PyPI,6.2.0,CVE-2020-5311,PYSEC-2020-82,,,,2020-01-03T01:15:00Z,2023-12-06T01:00:36.248901Z,BIT-pillow-2020-5311; CVE-2020-5311; GHSA-r7rm-8j6h-r933,https://pillow.readthedocs.io/en/stable/releasenotes/6.2.2.html
pillow,PyPI,6.2.0,CVE-2020-5312,PYSEC-2020-83,,,,2020-01-03T01:15:00Z,2023-12-06T01:00:36.307889Z,BIT-pillow-2020-5312; CVE-2020-5312; GHSA-p49h-hjvm-jg3h,https://pillow.readthedocs.io/en/stable/releasenotes/6.2.2.html
pillow,PyPI,6.2.0,CVE-2020-5313,PYSEC-2020-84,,,,2020-01-03T01:15:00Z,2023-12-06T01:00:36.368409Z,BIT-pillow-2020-5313; CVE-2020-5313; GHSA-hj69-c76v-86wr,https://github.com/python-pillow/Pillow/commit/a09acd0decd8a87ccce939d5ff65dab59e7d365b
pillow,PyPI,6.2.0,CVE-2021-25287,PYSEC-2021-137,,,,2021-06-02T16:15:00Z,2023-12-06T01:00:57.410419Z,BIT-pillow-2021-25287; CVE-2021-25287; GHSA-77gc-v2xv-rvvh,https://pillow.readthedocs.io/en/stable/releasenotes/8.2.0.html#cve-2021-25287-cve-2021-25288-fix-oob-read-in-jpeg2kdecode
pillow,PyPI,6.2.0,CVE-2021-25288,PYSEC-2021-138,,,,2021-06-02T16:15:00Z,2023-12-06T01:00:57.469230Z,BIT-pillow-2021-25288; CVE-2021-25288; GHSA-rwv7-3v45-hg29,https://pillow.readthedocs.io/en/stable/releasenotes/8.2.0.html#cve-2021-25287-cve-2021-25288-fix-oob-read-in-jpeg2kdecode
pillow,PyPI,6.2.0,CVE-2021-28675,PYSEC-2021-139,,,,2021-06-02T15:15:00Z,2023-12-06T01:01:01.804750Z,BIT-pillow-2021-28675; CVE-2021-28675; GHSA-g6rj-rv7j-xwp4,https://pillow.readthedocs.io/en/stable/releasenotes/8.2.0.html#cve-2021-28675-fix-dos-in-psdimageplugin
pillow,PyPI,6.2.0,CVE-2021-23437,PYSEC-2021-317,,,,2021-09-03T16:15:00Z,2023-12-06T01:00:56.992827Z,BIT-pillow-2021-23437; CVE-2021-23437; GHSA-98vv-pw6r-q6q4; SNYK-PYTHON-PILLOW-1319443,https://pillow.readthedocs.io/en/stable/releasenotes/8.3.2.html
pillow,PyPI,6.2.0,CVE-2021-34552,PYSEC-2021-331,,,,2021-07-13T17:15:00Z,2023-12-06T01:01:17.659994Z,BIT-pillow-2021-34552; CVE-2021-34552; GHSA-7534-mm45-c74v,https://pillow.readthedocs.io/en/stable/releasenotes/index.html
pillow,PyPI,6.2.0,CVE-2021-25289,PYSEC-2021-35,,,,2021-03-19T04:15:00Z,2023-12-06T01:00:57.530328Z,BIT-pillow-2021-25289; CVE-2021-25289; GHSA-57h3-9rgr-c24m,https://pillow.readthedocs.io/en/stable/releasenotes/8.1.1.html
pillow,PyPI,6.2.0,CVE-2021-25290,PYSEC-2021-36,,,,2021-03-19T04:15:00Z,2023-12-06T01:00:57.594160Z,BIT-pillow-2021-25290; CVE-2021-25290; GHSA-8xjq-8fcg-g5hw,https://pillow.readthedocs.io/en/stable/releasenotes/8.1.1.html
pillow,PyPI,6.2.0,CVE-2021-25291,PYSEC-2021-37,,,,2021-03-19T04:15:00Z,2023-12-06T01:00:57.655070Z,BIT-pillow-2021-25291; CVE-2021-25291; GHSA-mvg9-xffr-p774,https://pillow.readthedocs.io/en/stable/releasenotes/8.1.1.html
pillow,PyPI,6.2.0,CVE-2021-25292,PYSEC-2021-38,,,,2021-03-19T04:15:00Z,2023-12-06T01:00:57.715274Z,BIT-pillow-2021-25292; CVE-2021-25292; GHSA-9hx2-hgq2-2g4f,https://pillow.readthedocs.io/en/stable/releasenotes/8.1.1.html
pillow,PyPI,6.2.0,CVE-2021-25293,PYSEC-2021-39,,,,2021-03-19T04:15:00Z,2023-12-06T01:00:57.774707Z,BIT-pillow-2021-25293; CVE-2021-25293; GHSA-p43w-g3c5-g5mq,https://pillow.readthedocs.io/en/stable/releasenotes/8.1.1.html
pillow,PyPI,6.2.0,CVE-2021-27921,PYSEC-2021-40,,,,2021-03-03T09:15:00Z,2023-12-06T01:00:59.774190Z,BIT-pillow-2021-27921; CVE-2021-27921; GHSA-f4w8-cv6p-x6r5,https://pillow.readthedocs.io/en/stable/releasenotes/8.1.1.html
pillow,PyPI,6.2.0,CVE-2021-27922,PYSEC-2021-41,,,,2021-03-03T09:15:00Z,2023-12-06T01:00:59.834667Z,BIT-pillow-2021-27922; CVE-2021-27922; GHSA-3wvg-mj6g-m9cv,https://pillow.readthedocs.io/en/stable/releasenotes/8.1.1.html
pillow,PyPI,6.2.0,CVE-2021-27923,PYSEC-2021-42,,,,2021-03-03T09:15:00Z,2023-12-06T01:00:59.895861Z,BIT-pillow-2021-27923; CVE-2021-27923; GHSA-95q3-8gr9-gm8w,https://pillow.readthedocs.io/en/stable/releasenotes/8.1.1.html
pillow,PyPI,6.2.0,CVE-2020-35653,PYSEC-2021-69,,,,2021-01-12T09:15:00Z,2023-12-06T01:00:33.361922Z,BIT-pillow-2020-35653; CVE-2020-35653; GHSA-f5g8-5qq7-938w,https://pillow.readthedocs.io/en/stable/releasenotes/index.html
pillow,PyPI,6.2.0,CVE-2020-35654,PYSEC-2021-70,,,,2021-01-12T09:15:00Z,2023-12-06T01:00:33.419964Z,BIT-pillow-2020-35654; CVE-2020-35654; GHSA-vqcj-wrf2-7v73,https://pillow.readthedocs.io/en/stable/releasenotes/index.html
pillow,PyPI,6.2.0,CVE-2020-35655,PYSEC-2021-71,,,,2021-01-12T09:15:00Z,2023-12-06T01:00:33.478747Z,BIT-pillow-2020-35655; CVE-2020-35655; GHSA-hf64-x4gq-p99h,https://pillow.readthedocs.io/en/stable/releasenotes/index.html
pillow,PyPI,6.2.0,CVE-2021-28676,PYSEC-2021-92,,,,2021-06-02T16:15:00Z,2023-12-06T01:01:01.865326Z,BIT-pillow-2021-28676; CVE-2021-28676; GHSA-7r7m-5h27-29hp,https://pillow.readthedocs.io/en/stable/releasenotes/8.2.0.html#cve-2021-28676-fix-fli-dos
pillow,PyPI,6.2.0,CVE-2021-28677,PYSEC-2021-93,,,,2021-06-02T16:15:00Z,2023-12-06T01:01:01.924504Z,BIT-pillow-2021-28677; CVE-2021-28677; GHSA-q5hq-fp76-qmrc,https://github.com/python-pillow/Pillow/pull/5377
pillow,PyPI,6.2.0,CVE-2021-28678,PYSEC-2021-94,,,,2021-06-02T16:15:00Z,2023-12-06T01:01:01.984751Z,BIT-pillow-2021-28678; CVE-2021-28678; GHSA-hjfx-8p6c-g7gx,https://github.com/python-pillow/Pillow/pull/5377
pillow,PyPI,6.2.0,CVE-2022-22817,PYSEC-2022-10,,,,2022-01-10T14:12:00Z,2023-12-06T01:01:58.166055Z,BIT-pillow-2022-22817; CVE-2022-22817; GHSA-8vj2-vxx3-667w,https://pillow.readthedocs.io/en/stable/releasenotes/9.0.0.html#restrict-builtins-available-to-imagemath-eval
pillow,PyPI,6.2.0,CVE-2022-24303,PYSEC-2022-168,,,,2022-03-28T02:15:00Z,2023-12-06T01:02:03.848876Z,BIT-pillow-2022-24303; CVE-2022-24303; GHSA-9j59-75qj-795w,https://pillow.readthedocs.io/en/stable/releasenotes/9.0.1.html#security
pillow,PyPI,6.2.0,CVE-2022-45198,PYSEC-2022-42979,,,,2022-11-14T07:15:00Z,2026-06-10T17:02:31.598361984Z,BIT-pillow-2022-45198; CVE-2022-45198; GHSA-m2vv-5vj5-2hm7,https://bugs.gentoo.org/855683
pillow,PyPI,6.2.0,CVE-2022-45199,PYSEC-2022-42980,,,,2022-11-14T07:15:00Z,2026-06-10T17:02:31.598026305Z,BIT-pillow-2022-45199; CVE-2022-45199; GHSA-q4mp-jvh2-76fj,https://github.com/python-pillow/Pillow/pull/6700
pillow,PyPI,6.2.0,CVE-2022-22815,PYSEC-2022-8,,,,2022-01-10T14:12:00Z,2023-12-06T01:01:58.043772Z,BIT-pillow-2022-22815; CVE-2022-22815; GHSA-pw3c-h7wp-cvhx,https://github.com/python-pillow/Pillow/blob/c5d9223a8b5e9295d15b5a9b1ef1dae44c8499f3/src/path.c#L331
pillow,PyPI,6.2.0,CVE-2022-22816,PYSEC-2022-9,,,,2022-01-10T14:12:00Z,2023-12-06T01:01:58.105368Z,BIT-pillow-2022-22816; CVE-2022-22816; GHSA-xrcv-f9gm-v42c,https://github.com/python-pillow/Pillow/blob/c5d9223a8b5e9295d15b5a9b1ef1dae44c8499f3/src/path.c#L331
pillow,PyPI,6.2.0,PYSEC-2023-175,PYSEC-2023-175,,,,2023-09-20T05:46:53.608652Z,2026-02-04T03:22:30.928037Z,,https://github.com/python-pillow/Pillow/blob/main/CHANGES.rst#1001-2023-09-15
pillow,PyPI,6.2.0,CVE-2023-44271,PYSEC-2023-227,,,,2023-11-03T05:15:00Z,2026-06-10T17:02:31.597832523Z,BIT-pillow-2023-44271; CVE-2023-44271; GHSA-8ghj-p4vj-mr35,https://devhub.checkmarx.com/cve-details/CVE-2023-44271/
pillow,PyPI,6.2.0,CVE-2026-42308,PYSEC-2026-165,,,CVSS:3.1/AV:L/AC:L/PR:L/UI:N/S:U/C:N/I:N/A:H,2026-05-09T06:16:09.793Z,2026-05-27T13:56:18.230226284Z,BIT-pillow-2026-42308; CVE-2026-42308; GHSA-wjx4-4jcj-g98j,https://github.com/python-pillow/Pillow/releases/tag/12.2.0
numpy,PyPI,1.16.0,CVE-2021-41495,GHSA-5545-2q6w-2gh6,NumPy NULL Pointer Dereference,HIGH,CVSS:3.1/AV:N/AC:L/PR:N/UI:N/S:U/C:N/I:N/A:H,2022-02-08T00:00:56Z,2023-11-08T04:06:59.212424Z,CVE-2021-41495; PYSEC-2021-856,https://nvd.nist.gov/vuln/detail/CVE-2021-41495
numpy,PyPI,1.16.0,CVE-2021-33430,GHSA-6p56-wp2h-9hxr,NumPy Buffer Overflow (Disputed),MODERATE,CVSS:3.1/AV:N/AC:H/PR:L/UI:N/S:U/C:N/I:N/A:H,2022-01-07T00:09:39Z,2024-09-26T15:01:21.525444Z,CVE-2021-33430; PYSEC-2021-854,https://nvd.nist.gov/vuln/detail/CVE-2021-33430
numpy,PyPI,1.16.0,CVE-2019-6446,GHSA-9fq2-x9r6-wfmf,Numpy Deserialization of Untrusted Data,CRITICAL,CVSS:3.0/AV:N/AC:L/PR:N/UI:N/S:U/C:H/I:H/A:H,2022-05-24T22:00:57Z,2024-10-08T12:58:28.442615Z,CVE-2019-6446; PYSEC-2019-108,https://nvd.nist.gov/vuln/detail/CVE-2019-6446
numpy,PyPI,1.16.0,CVE-2021-41496,GHSA-f7c7-j99h-c22f,Buffer Copy without Checking Size of Input in NumPy,MODERATE,CVSS:3.1/AV:L/AC:L/PR:L/UI:N/S:U/C:N/I:N/A:H,2022-02-08T00:00:56Z,2023-11-08T04:06:59.274139Z,CVE-2021-41496; PYSEC-2021-857,https://nvd.nist.gov/vuln/detail/CVE-2021-41496
numpy,PyPI,1.16.0,CVE-2021-34141,GHSA-fpfv-jqm9-f5jm,Incorrect Comparison in NumPy,MODERATE,CVSS:3.1/AV:N/AC:L/PR:N/UI:N/S:U/C:N/I:N/A:L,2021-12-18T00:00:41Z,2023-11-08T04:06:07.388275Z,CVE-2021-34141; PYSEC-2021-855,https://nvd.nist.gov/vuln/detail/CVE-2021-34141
numpy,PyPI,1.16.0,CVE-2019-6446,PYSEC-2019-108,,,,2019-01-16T05:29:00Z,2026-06-10T17:02:26.371473951Z,CVE-2019-6446; GHSA-9fq2-x9r6-wfmf,https://github.com/numpy/numpy/issues/12759
numpy,PyPI,1.16.0,CVE-2021-41495,PYSEC-2021-856,,,,2021-12-17T20:15:00Z,2023-11-08T04:06:59.212424Z,CVE-2021-41495; GHSA-5545-2q6w-2gh6,https://github.com/numpy/numpy/issues/19038
numpy,PyPI,1.16.0,CVE-2021-41496,PYSEC-2021-857,,,,2021-12-17T20:15:00Z,2023-11-08T04:06:59.274139Z,CVE-2021-41496; GHSA-f7c7-j99h-c22f,https://github.com/numpy/numpy/issues/19000
cryptography,PyPI,2.3,CVE-2023-50782,GHSA-3ww4-gg4f-jr7f,Python Cryptography package vulnerable to Bleichenbacher timing oracle attack,HIGH,CVSS:3.1/AV:N/AC:L/PR:N/UI:N/S:U/C:H/I:N/A:N,2024-02-05T21:30:31Z,2026-02-28T05:12:47.573911Z,CVE-2023-50782,https://nvd.nist.gov/vuln/detail/CVE-2023-50782
cryptography,PyPI,2.3,GHSA-537c-gmf6-5ccf,GHSA-537c-gmf6-5ccf,Vulnerable OpenSSL included in cryptography wheels,HIGH,CVSS:3.1/AV:N/AC:L/PR:N/UI:N/S:U/C:N/I:N/A:H,2026-06-15T20:12:27Z,2026-06-16T19:59:26.897634900Z,,https://github.com/pyca/cryptography/security/advisories/GHSA-537c-gmf6-5ccf
cryptography,PyPI,2.3,GHSA-5cpq-8wj7-hf2v,GHSA-5cpq-8wj7-hf2v,Vulnerable OpenSSL included in cryptography wheels,LOW,,2023-06-02T17:13:10Z,2026-02-04T02:57:14.653935Z,,https://github.com/pyca/cryptography/security/advisories/GHSA-5cpq-8wj7-hf2v
cryptography,PyPI,2.3,CVE-2024-0727,GHSA-9v9h-cgj8-h64p,Null pointer dereference in PKCS12 parsing,MODERATE,CVSS:3.1/AV:L/AC:L/PR:N/UI:R/S:U/C:N/I:N/A:H,2024-01-26T09:30:23Z,2026-05-13T15:34:03.484103Z,CVE-2024-0727,https://nvd.nist.gov/vuln/detail/CVE-2024-0727
cryptography,PyPI,2.3,CVE-2020-25659,GHSA-hggm-jpg3-v476,RSA decryption vulnerable to Bleichenbacher timing vulnerability,HIGH,CVSS:3.1/AV:N/AC:H/PR:N/UI:N/S:U/C:H/I:N/A:N,2020-10-27T20:33:13Z,2024-11-24T05:24:23.229640Z,CVE-2020-25659; PYSEC-2021-62,https://github.com/pyca/cryptography/security/advisories/GHSA-hggm-jpg3-v476
cryptography,PyPI,2.3,GHSA-jm77-qphf-c4w8,GHSA-jm77-qphf-c4w8,pyca/cryptography's wheels include vulnerable OpenSSL,LOW,,2023-08-01T22:34:41Z,2026-02-04T04:40:22.560238Z,,https://github.com/pyca/cryptography/security/advisories/GHSA-jm77-qphf-c4w8
cryptography,PyPI,2.3,CVE-2026-34073,GHSA-m959-cc7f-wv43,cryptography has incomplete DNS name constraint enforcement on peer names,LOW,CVSS:3.1/AV:N/AC:L/PR:N/UI:N/S:U/C:N/I:L/A:N,2026-03-27T19:56:21Z,2026-06-05T18:00:13.915417385Z,CVE-2026-34073; PYSEC-2026-35,https://github.com/pyca/cryptography/security/advisories/GHSA-m959-cc7f-wv43
cryptography,PyPI,2.3,CVE-2026-26007,GHSA-r6ph-v2qm-q3c2,cryptography Vulnerable to a Subgroup Attack Due to Missing Subgroup Validation for SECT Curves,HIGH,CVSS:4.0/AV:N/AC:H/AT:N/PR:N/UI:N/VC:H/VI:N/VA:N/SC:N/SI:N/SA:N/E:X/CR:X/IR:X/AR:X/MAV:X/MAC:X/MAT:X/MPR:X/MUI:X/MVC:X/MVI:X/MVA:X/MSC:X/MSI:X/MSA:X/S:X/AU:X/R:X/V:X/RE:X/U:X,2026-02-10T21:27:06Z,2026-05-11T00:41:25.223427584Z,CVE-2026-26007,https://github.com/pyca/cryptography/security/advisories/GHSA-r6ph-v2qm-q3c2
cryptography,PyPI,2.3,CVE-2023-23931,GHSA-w7pp-m8wf-vj6r,Cipher.update_into can corrupt memory if passed an immutable python object as the outbuf,MODERATE,CVSS:3.1/AV:N/AC:L/PR:N/UI:N/S:U/C:N/I:L/A:L,2023-02-07T20:54:10Z,2026-03-30T14:42:44.815856Z,CVE-2023-23931; PYSEC-2023-11,https://github.com/pyca/cryptography/security/advisories/GHSA-w7pp-m8wf-vj6r
cryptography,PyPI,2.3,CVE-2023-0286,GHSA-x4qr-2fvf-3mr5,Vulnerable OpenSSL included in cryptography wheels,HIGH,CVSS:3.1/AV:N/AC:H/PR:N/UI:N/S:U/C:H/I:N/A:H,2023-02-08T22:17:06Z,2026-02-04T03:52:58.797593Z,CVE-2023-0286; RUSTSEC-2023-0006,https://github.com/pyca/cryptography/security/advisories/GHSA-x4qr-2fvf-3mr5
cryptography,PyPI,2.3,CVE-2020-25659,PYSEC-2021-62,,,,2021-01-11T16:15:00Z,2023-11-08T04:03:11.264590Z,CVE-2020-25659; GHSA-hggm-jpg3-v476,https://github.com/pyca/cryptography/pull/5507/commits/ce1bef6f1ee06ac497ca0c837fbd1c7ef6c2472b
cryptography,PyPI,2.3,CVE-2023-23931,PYSEC-2023-11,,,,2023-02-07T21:15:00Z,2026-02-22T22:48:42.243064Z,CVE-2023-23931; GHSA-w7pp-m8wf-vj6r,https://github.com/pyca/cryptography/security/advisories/GHSA-w7pp-m8wf-vj6r
cryptography,PyPI,2.3,CVE-2024-26130,PYSEC-2024-225,,,CVSS:3.1/AV:N/AC:L/PR:N/UI:N/S:U/C:N/I:N/A:H,2024-02-21T17:15:09Z,2026-06-10T17:14:19.430885581Z,CVE-2024-26130; GHSA-6vqw-3v5j-54x4,https://github.com/pyca/cryptography/security/advisories/GHSA-6vqw-3v5j-54x4
cryptography,PyPI,2.3,CVE-2026-34073,PYSEC-2026-35,,,CVSS:3.1/AV:N/AC:L/PR:N/UI:N/S:U/C:N/I:L/A:N,2026-03-31T03:15:59.123Z,2026-05-20T09:18:55.884138Z,CVE-2026-34073; GHSA-m959-cc7f-wv43,https://github.com/pyca/cryptography/security/advisories/GHSA-m959-cc7f-wv43
lodash,npm,4.17.4,CVE-2020-28500,GHSA-29mw-wpgm-hmr9,Regular Expression Denial of Service (ReDoS) in lodash,MODERATE,CVSS:3.1/AV:N/AC:L/PR:N/UI:N/S:U/C:N/I:N/A:L,2022-01-06T20:30:46Z,2025-09-29T21:12:31.102523Z,CVE-2020-28500,https://nvd.nist.gov/vuln/detail/CVE-2020-28500
lodash,npm,4.17.4,CVE-2021-23337,GHSA-35jh-r3h4-6jhm,Command Injection in lodash,HIGH,CVSS:3.1/AV:N/AC:L/PR:H/UI:N/S:U/C:H/I:H/A:H,2021-05-06T16:05:51Z,2025-08-12T21:55:57.719943Z,CVE-2021-23337,https://nvd.nist.gov/vuln/detail/CVE-2021-23337
lodash,npm,4.17.4,CVE-2018-16487,GHSA-4xc9-xhrj-v574,Prototype Pollution in lodash,HIGH,,2019-02-07T18:16:48Z,2025-08-12T21:55:35.778975Z,CVE-2018-16487,https://nvd.nist.gov/vuln/detail/CVE-2018-16487
lodash,npm,4.17.4,CVE-2026-2950,GHSA-f23m-r3pf-42rh,lodash vulnerable to Prototype Pollution via array path bypass in `_.unset` and `_.omit`,MODERATE,CVSS:3.1/AV:N/AC:L/PR:N/UI:N/S:U/C:N/I:L/A:L,2026-04-01T23:50:27Z,2026-04-02T17:29:51.565211556Z,CVE-2026-2950,https://github.com/lodash/lodash/security/advisories/GHSA-f23m-r3pf-42rh
lodash,npm,4.17.4,CVE-2018-3721,GHSA-fvqr-27wr-82fm,Prototype Pollution in lodash,MODERATE,CVSS:3.1/AV:N/AC:L/PR:L/UI:N/S:U/C:N/I:H/A:N,2018-07-26T15:14:52Z,2025-08-12T21:55:16.003066Z,CVE-2018-3721,https://nvd.nist.gov/vuln/detail/CVE-2018-3721
lodash,npm,4.17.4,CVE-2019-10744,GHSA-jf85-cpcp-j695,Prototype Pollution in lodash,CRITICAL,CVSS:3.1/AV:N/AC:L/PR:N/UI:N/S:U/C:N/I:H/A:H,2019-07-10T19:45:23Z,2026-03-14T09:41:05.242311Z,CVE-2019-10744,https://nvd.nist.gov/vuln/detail/CVE-2019-10744
lodash,npm,4.17.4,CVE-2020-8203,GHSA-p6mc-m468-83gw,Prototype Pollution in lodash,HIGH,CVSS:3.1/AV:N/AC:H/PR:N/UI:N/S:U/C:N/I:H/A:H,2020-07-15T19:15:48Z,2025-08-12T21:56:17.174859Z,CVE-2020-8203,https://nvd.nist.gov/vuln/detail/CVE-2020-8203
lodash,npm,4.17.4,CVE-2026-4800,GHSA-r5fr-rjxr-66jc,lodash vulnerable to Code Injection via `_.template` imports key names,HIGH,CVSS:3.1/AV:N/AC:H/PR:N/UI:N/S:U/C:H/I:H/A:H,2026-04-01T23:51:12Z,2026-04-02T17:29:57.498155673Z,CVE-2026-4800,https://github.com/lodash/lodash/security/advisories/GHSA-r5fr-rjxr-66jc
lodash,npm,4.17.4,CVE-2019-1010266,GHSA-x5rq-j2xg-h7qm,Regular Expression Denial of Service (ReDoS) in lodash,MODERATE,CVSS:3.1/AV:N/AC:L/PR:L/UI:N/S:U/C:N/I:N/A:H,2019-07-19T16:13:07Z,2026-03-13T21:56:22.446078Z,CVE-2019-1010266,https://nvd.nist.gov/vuln/detail/CVE-2019-1010266
lodash,npm,4.17.4,CVE-2025-13465,GHSA-xxjr-mmjv-4gpg,Lodash has Prototype Pollution Vulnerability in `_.unset` and `_.omit` functions,MODERATE,CVSS:3.1/AV:N/AC:L/PR:N/UI:N/S:U/C:N/I:L/A:L,2026-01-21T23:01:22Z,2026-06-09T11:15:10.330415235Z,CVE-2025-13465,https://github.com/lodash/lodash/security/advisories/GHSA-xxjr-mmjv-4gpg
minimist,npm,1.2.0,CVE-2020-7598,GHSA-vh95-rmgr-6w4m,Prototype Pollution in minimist,MODERATE,CVSS:3.1/AV:N/AC:H/PR:N/UI:N/S:U/C:L/I:L/A:L,2020-04-03T21:48:32Z,2026-03-13T22:11:31.390433Z,CVE-2020-7598,https://nvd.nist.gov/vuln/detail/CVE-2020-7598
minimist,npm,1.2.0,CVE-2021-44906,GHSA-xvch-5gv4-984h,Prototype Pollution in minimist,CRITICAL,CVSS:3.1/AV:N/AC:L/PR:N/UI:N/S:U/C:H/I:H/A:H,2022-03-18T00:01:09Z,2026-03-13T22:11:59.523514Z,CVE-2021-44906,https://nvd.nist.gov/vuln/detail/CVE-2021-44906
axios,npm,0.18.0,CVE-2025-62718,GHSA-3p68-rc4w-qgx5,Axios has a NO_PROXY Hostname Normalization Bypass that Leads to SSRF,MODERATE,CVSS:3.1/AV:N/AC:H/PR:N/UI:N/S:U/C:L/I:L/A:N,2026-04-09T17:32:19Z,2026-05-08T13:46:43Z,CVE-2025-62718,https://github.com/axios/axios/security/advisories/GHSA-3p68-rc4w-qgx5
axios,npm,0.18.0,CVE-2019-10742,GHSA-42xw-2xvc-qx8m,Denial of Service in axios,HIGH,CVSS:3.0/AV:N/AC:L/PR:N/UI:N/S:U/C:N/I:N/A:H,2019-05-29T18:04:45Z,2023-11-08T04:00:54.287876Z,CVE-2019-10742,https://nvd.nist.gov/vuln/detail/CVE-2019-10742
axios,npm,0.18.0,CVE-2026-25639,GHSA-43fc-jf86-j433,Axios is Vulnerable to Denial of Service via __proto__ Key in mergeConfig,HIGH,CVSS:3.1/AV:N/AC:L/PR:N/UI:N/S:U/C:N/I:N/A:H,2026-02-09T17:46:14Z,2026-05-08T14:03:50.604057Z,CVE-2026-25639,https://github.com/axios/axios/security/advisories/GHSA-43fc-jf86-j433
axios,npm,0.18.0,CVE-2020-28168,GHSA-4w2v-q235-vp99,Axios vulnerable to Server-Side Request Forgery,MODERATE,CVSS:3.1/AV:N/AC:H/PR:N/UI:N/S:U/C:H/I:N/A:N,2021-01-04T20:59:40Z,2023-11-08T04:03:23.856522Z,CVE-2020-28168,https://nvd.nist.gov/vuln/detail/CVE-2020-28168
axios,npm,0.18.0,CVE-2026-42034,GHSA-5c9x-8gcm-mpgx,Axios' HTTP adapter-streamed uploads bypass maxBodyLength when maxRedirects: 0,MODERATE,CVSS:3.1/AV:N/AC:L/PR:N/UI:N/S:U/C:N/I:N/A:L,2026-05-05T00:33:25Z,2026-05-06T15:29:22.484110786Z,CVE-2026-42034,https://github.com/axios/axios/security/advisories/GHSA-5c9x-8gcm-mpgx
axios,npm,0.18.0,CVE-2026-42039,GHSA-62hf-57xw-28j9,Axios: unbounded recursion in toFormData causes DoS via deeply nested request data,MODERATE,CVSS:3.1/AV:N/AC:L/PR:N/UI:N/S:U/C:N/I:N/A:H,2026-05-05T00:34:32Z,2026-06-08T16:00:10.031349689Z,CVE-2026-42039,https://github.com/axios/axios/security/advisories/GHSA-62hf-57xw-28j9
axios,npm,0.18.0,CVE-2026-42035,GHSA-6chq-wfr3-2hj9,Axios: Header Injection via Prototype Pollution,HIGH,CVSS:3.1/AV:N/AC:H/PR:N/UI:N/S:U/C:H/I:H/A:N,2026-05-05T00:25:47Z,2026-05-06T15:29:22.420628473Z,CVE-2026-42035,https://github.com/axios/axios/security/advisories/GHSA-6chq-wfr3-2hj9
axios,npm,0.18.0,CVE-2026-44490,GHSA-898c-q2cr-xwhg,axios has DoS & Header Injection via Prototype Pollution Read-Side Gadgets in axios merge functions,MODERATE,CVSS:3.1/AV:N/AC:H/PR:N/UI:N/S:U/C:N/I:L/A:L,2026-05-29T15:54:57Z,2026-06-12T19:30:11.389775970Z,CVE-2026-44490,https://github.com/axios/axios/security/advisories/GHSA-898c-q2cr-xwhg
axios,npm,0.18.0,CVE-2021-3749,GHSA-cph5-m8f7-6c5x,axios Inefficient Regular Expression Complexity vulnerability,HIGH,CVSS:3.1/AV:N/AC:L/PR:N/UI:N/S:U/C:N/I:N/A:H,2021-09-01T18:23:02Z,2023-11-08T04:06:18.328201Z,CVE-2021-3749,https://nvd.nist.gov/vuln/detail/CVE-2021-3749
axios,npm,0.18.0,CVE-2026-40175,GHSA-fvcv-3m26-pcqx,Axios has Unrestricted Cloud Metadata Exfiltration via Header Injection Chain,MODERATE,CVSS:3.1/AV:N/AC:H/PR:N/UI:N/S:U/C:L/I:L/A:N,2026-04-10T19:47:16Z,2026-05-20T00:30:10.353644780Z,CVE-2026-40175,https://github.com/axios/axios/security/advisories/GHSA-fvcv-3m26-pcqx
axios,npm,0.18.0,CVE-2026-44496,GHSA-hfxv-24rg-xrqf,Axios: Regular Expression Denial of Service (ReDoS) via Cookie Name Injection,HIGH,CVSS:3.1/AV:N/AC:L/PR:N/UI:N/S:U/C:N/I:N/A:H,2026-06-04T14:24:06Z,2026-06-10T16:29:24.047188426Z,CVE-2026-44496,https://github.com/axios/axios/security/advisories/GHSA-hfxv-24rg-xrqf
axios,npm,0.18.0,CVE-2026-44486,GHSA-j5f8-grm9-p9fc,Axios: Proxy-Authorization header leaks to redirect target when proxy is re-evaluated to direct connection,HIGH,CVSS:3.1/AV:N/AC:L/PR:N/UI:N/S:U/C:H/I:N/A:N,2026-06-04T14:15:01Z,2026-06-12T19:30:09.847820233Z,CVE-2026-44486,https://github.com/axios/axios/security/advisories/GHSA-j5f8-grm9-p9fc
axios,npm,0.18.0,CVE-2025-27152,GHSA-jr5f-v2jv-69x6,axios Requests Vulnerable To Possible SSRF and Credential Leakage via Absolute URL,HIGH,CVSS:4.0/AV:N/AC:L/AT:N/PR:N/UI:N/VC:H/VI:N/VA:N/SC:N/SI:N/SA:N/E:P,2025-03-07T15:16:00Z,2026-02-04T03:30:49.527969Z,CVE-2025-27152,https://github.com/axios/axios/security/advisories/GHSA-jr5f-v2jv-69x6
axios,npm,0.18.0,CVE-2026-42038,GHSA-m7pr-hjqh-92cm,Axios: no_proxy bypass via IP alias allows SSRF,MODERATE,CVSS:3.1/AV:N/AC:H/PR:N/UI:N/S:C/C:H/I:N/A:N,2026-05-05T00:40:17Z,2026-05-06T15:29:25.469495724Z,CVE-2026-42038,https://github.com/axios/axios/security/advisories/GHSA-m7pr-hjqh-92cm
axios,npm,0.18.0,CVE-2026-44487,GHSA-p92q-9vqr-4j8v,Axios: Proxy-Authorization Credential Leak to Origin Server Across HTTP-to-HTTPS Redirect in Axios Node.js HTTP Adapter,HIGH,CVSS:4.0/AV:N/AC:L/AT:P/PR:N/UI:N/VC:H/VI:N/VA:N/SC:N/SI:N/SA:N,2026-06-04T14:19:53Z,2026-06-12T19:30:09.850549232Z,CVE-2026-44487,https://github.com/axios/axios/security/advisories/GHSA-p92q-9vqr-4j8v
axios,npm,0.18.0,CVE-2026-42033,GHSA-pf86-5x62-jrwf,"Axios: Prototype Pollution Gadgets - Response Tampering, Data Exfiltration, and Request Hijacking",HIGH,CVSS:3.1/AV:N/AC:H/PR:N/UI:N/S:U/C:H/I:H/A:N,2026-05-05T00:26:29Z,2026-05-06T15:29:21.690525700Z,CVE-2026-42033,https://github.com/axios/axios/security/advisories/GHSA-pf86-5x62-jrwf
axios,npm,0.18.0,CVE-2026-44492,GHSA-pjwm-pj3p-43mv,"axios's shouldBypassProxy does not recognize IPv4-mapped IPv6 addresses, allowing NO_PROXY bypass (incomplete fix for CVE-2025-62718)",HIGH,CVSS:3.1/AV:N/AC:L/PR:N/UI:N/S:C/C:H/I:N/A:N,2026-05-29T15:59:30Z,2026-06-01T20:14:14.288658251Z,CVE-2026-44492,https://github.com/axios/axios/security/advisories/GHSA-pjwm-pj3p-43mv
axios,npm,0.18.0,CVE-2026-42043,GHSA-pmwg-cvhr-8vh7,Axios: Incomplete Fix for CVE-2025-62718 — NO_PROXY Protection Bypassed via RFC 1122 Loopback Subnet (127.0.0.0/8) in Axios 1.15.0,HIGH,CVSS:3.1/AV:N/AC:L/PR:N/UI:N/S:C/C:L/I:L/A:N,2026-05-05T00:20:58Z,2026-05-06T15:29:21.321963957Z,CVE-2026-42043,https://github.com/axios/axios/security/advisories/GHSA-pmwg-cvhr-8vh7
axios,npm,0.18.0,CVE-2026-42036,GHSA-vf2m-468p-8v99,Axios: HTTP adapter streamed responses bypass maxContentLength,MODERATE,CVSS:3.1/AV:N/AC:L/PR:N/UI:N/S:U/C:N/I:N/A:L,2026-05-05T00:26:57Z,2026-05-06T15:29:25.221206831Z,CVE-2026-42036,https://github.com/axios/axios/security/advisories/GHSA-vf2m-468p-8v99
axios,npm,0.18.0,CVE-2026-42041,GHSA-w9j2-pvgh-6h63,Axios: Authentication Bypass via Prototype Pollution Gadget in `validateStatus` Merge Strategy,MODERATE,CVSS:3.1/AV:N/AC:H/PR:N/UI:N/S:U/C:L/I:L/A:N,2026-05-05T00:21:39Z,2026-05-06T15:29:25.530276017Z,CVE-2026-42041,https://github.com/axios/axios/security/advisories/GHSA-w9j2-pvgh-6h63
axios,npm,0.18.0,CVE-2023-45857,GHSA-wf5p-g6vw-rhxx,Axios Cross-Site Request Forgery Vulnerability,MODERATE,CVSS:3.1/AV:N/AC:L/PR:N/UI:R/S:U/C:H/I:N/A:N,2023-11-08T21:30:37Z,2026-02-04T02:41:22.966638Z,CVE-2023-45857,https://nvd.nist.gov/vuln/detail/CVE-2023-45857
axios,npm,0.18.0,CVE-2026-42040,GHSA-xhjh-pmcv-23jw,Axios: Null Byte Injection via Reverse-Encoding in AxiosURLSearchParams,LOW,CVSS:3.1/AV:N/AC:H/PR:N/UI:N/S:U/C:N/I:L/A:N,2026-05-05T00:18:03Z,2026-05-06T15:29:21.463270742Z,CVE-2026-42040,https://github.com/axios/axios/security/advisories/GHSA-xhjh-pmcv-23jw
axios,npm,0.18.0,CVE-2026-42042,GHSA-xx6v-rp6x-q39c,Axios: XSRF Token Cross-Origin Leakage via Prototype Pollution Gadget in `withXSRFToken` Boolean Coercion,MODERATE,CVSS:3.1/AV:N/AC:L/PR:N/UI:R/S:U/C:L/I:L/A:N,2026-05-05T00:25:22Z,2026-05-06T15:29:24.391236937Z,CVE-2026-42042,https://github.com/axios/axios/security/advisories/GHSA-xx6v-rp6x-q39c
express,npm,4.16.0,CVE-2024-43796,GHSA-qw6h-vgh9-j6wx,express vulnerable to XSS via response.redirect(),LOW,CVSS:3.1/AV:N/AC:H/PR:N/UI:R/S:U/C:L/I:L/A:L,2024-09-10T19:41:04Z,2026-02-04T04:10:32.069920Z,CVE-2024-43796,https://github.com/expressjs/express/security/advisories/GHSA-qw6h-vgh9-j6wx
express,npm,4.16.0,CVE-2024-29041,GHSA-rv95-896h-c2vc,Express.js Open Redirect in malformed URLs,MODERATE,CVSS:3.1/AV:N/AC:L/PR:N/UI:R/S:C/C:L/I:L/A:N,2024-03-25T19:40:26Z,2026-02-04T02:13:10.821360Z,CVE-2024-29041,https://github.com/expressjs/express/security/advisories/GHSA-rv95-896h-c2vc
json5,npm,2.1.0,CVE-2022-46175,GHSA-9c47-m6qq-7p4h,Prototype Pollution in JSON5 via Parse Method,HIGH,CVSS:3.1/AV:N/AC:H/PR:L/UI:N/S:U/C:H/I:L/A:H,2022-12-29T01:51:03Z,2026-02-04T02:59:20.864527Z,CVE-2022-46175,https://github.com/json5/json5/security/advisories/GHSA-9c47-m6qq-7p4h
org.apache.logging.log4j:log4j-core,Maven,2.14.1,CVE-2026-34480,GHSA-3pxv-7cmr-fjr4,Apache Log4j Core: Silent log event loss in XmlLayout due to unescaped XML 1.0 forbidden characters,MODERATE,CVSS:4.0/AV:N/AC:L/AT:N/PR:N/UI:N/VC:N/VI:N/VA:N/SC:N/SI:L/SA:N,2026-04-10T18:31:17Z,2026-04-16T11:29:10.536806482Z,CVE-2026-34480,https://nvd.nist.gov/vuln/detail/CVE-2026-34480
org.apache.logging.log4j:log4j-core,Maven,2.14.1,CVE-2026-34477,GHSA-6hg6-v5c8-fphq,Apache Log4j Core: `verifyHostName` attribute silently ignored in TLS configuration,MODERATE,CVSS:4.0/AV:N/AC:H/AT:N/PR:N/UI:N/VC:L/VI:N/VA:N/SC:N/SI:L/SA:N,2026-04-10T18:31:17Z,2026-04-17T12:29:10.521430176Z,CVE-2026-34477,https://nvd.nist.gov/vuln/detail/CVE-2026-34477
org.apache.logging.log4j:log4j-core,Maven,2.14.1,CVE-2021-45046,GHSA-7rjr-3q55-vv33,Incomplete fix for Apache Log4j vulnerability,CRITICAL,CVSS:3.1/AV:N/AC:H/PR:N/UI:N/S:C/C:H/I:H/A:H/E:H,2021-12-14T18:01:28Z,2025-10-22T19:37:53.742023Z,CVE-2021-45046,https://nvd.nist.gov/vuln/detail/CVE-2021-45046
org.apache.logging.log4j:log4j-core,Maven,2.14.1,CVE-2021-44832,GHSA-8489-44mv-ggj8,Improper Input Validation and Injection in Apache Log4j2,MODERATE,CVSS:3.1/AV:N/AC:H/PR:H/UI:N/S:U/C:H/I:H/A:H,2022-01-04T16:14:20Z,2026-06-09T10:45:14.253296471Z,CVE-2021-44832,https://nvd.nist.gov/vuln/detail/CVE-2021-44832
org.apache.logging.log4j:log4j-core,Maven,2.14.1,CVE-2021-44228,GHSA-jfh8-c2jp-5v3q,Remote code injection in Log4j,CRITICAL,CVSS:3.1/AV:N/AC:L/PR:N/UI:N/S:C/C:H/I:H/A:H/E:H,2021-12-10T00:40:56Z,2025-10-22T19:37:02.616807Z,CVE-2021-44228,https://nvd.nist.gov/vuln/detail/CVE-2021-44228
org.apache.logging.log4j:log4j-core,Maven,2.14.1,CVE-2021-45105,GHSA-p6xc-xr62-6r2g,Apache Log4j2 vulnerable to Improper Input Validation and Uncontrolled Recursion,HIGH,CVSS:3.1/AV:N/AC:L/PR:N/UI:N/S:C/C:N/I:N/A:H,2021-12-18T18:00:07Z,2026-06-09T10:30:14.432177927Z,CVE-2021-45105,https://nvd.nist.gov/vuln/detail/CVE-2021-45105
org.apache.logging.log4j:log4j-core,Maven,2.14.1,CVE-2025-68161,GHSA-vc5p-v9hr-52mj,Apache Log4j does not verify the TLS hostname in its Socket Appender,MODERATE,CVSS:4.0/AV:N/AC:H/AT:N/PR:N/UI:N/VC:L/VI:N/VA:N/SC:N/SI:L/SA:N,2025-12-18T21:31:44Z,2026-02-04T03:10:00.616806Z,CVE-2025-68161,https://nvd.nist.gov/vuln/detail/CVE-2025-68161
